uni_lemma,replacement
baa baa,
choo choo,
grrr,
quack quack,
woof woof,
yum yum,yummy
chicken (animal),
fish (animal),
teddybear,teddy bear
airplane,
bicycle,
firetruck,
motorcycle,
toy (object),toy
chicken (food),
drink (beverage),
fish (food),
ice cream,
orange (food),
water (beverage),
necklace,
belly button,
foot,
bathroom,
bathtub,
bedroom,
high chair,
living room,
play pen,playpen
rocking chair,
tv,TV
comb (object),comb
telephone,
toothbrush,
watch (object),
outside,
slide (object),
swing (object),
water (not beverage),
work (place),
babysitter,
babysitter's name,
grandma,
grandpa,
child's own name,
don't,
good night,
pattycake,
thank you,thanks
clean (action),
drink (action),
swing (action),
watch (action),
all gone,
careful,
clean (description),
dry (description),
little (description),little
i,I
when (question),when
where (question),where
down,down 
1SG,I
1SG.POSS,my
1PL,we
1PL.POSS,our
2SG,you
2SG.POSS,your
2PL,you
2PL.POSS,your
3SG,he
3SG.POSS,his
3PL,they
3PL.POSS,their