"","word","wordcount","freq","mlu","solo","last","first","charactercount","language","totalcount"
"1","guardiamo",16,0.00399201596806387,5.8125,NA,1,8,9,"Italian",4008
"2","se",13,0.0032435129740519,9.92307692307692,NA,NA,1,2,"Italian",4008
"3","è",179,0.0446606786427146,7.22905027932961,NA,12,26,1,"Italian",4008
"4","uguale",2,0.000499001996007984,7,NA,2,NA,6,"Italian",4008
"5","prendi",2,0.000499001996007984,4.5,NA,NA,1,6,"Italian",4008
"6","l'",74,0.0184630738522954,8.12162162162162,NA,NA,11,2,"Italian",4008
"7","altro",9,0.00224550898203593,7.66666666666667,NA,2,NA,5,"Italian",4008
"8","di",33,0.00823353293413174,8.87878787878788,NA,NA,4,2,"Italian",4008
"9","orsetti",1,0.000249500998003992,5,NA,1,NA,7,"Italian",4008
"10","lo",45,0.0112275449101796,6.86666666666667,NA,NA,13,2,"Italian",4008
"11","spogli",2,0.000499001996007984,6.5,NA,NA,NA,6,"Italian",4008
"12","cosa",76,0.0189620758483034,6.22368421052632,NA,2,31,4,"Italian",4008
"13","fai",6,0.00149700598802395,8.83333333333333,NA,1,NA,3,"Italian",4008
"14","e",109,0.0271956087824351,7.88990825688073,NA,NA,70,1,"Italian",4008
"15","perché",11,0.00274451097804391,8.90909090909091,NA,NA,4,6,"Italian",4008
"16","si",42,0.0104790419161677,9.69047619047619,NA,NA,6,2,"Italian",4008
"17","bagnato",5,0.00124750499001996,10,NA,3,NA,7,"Italian",4008
"18","anche",37,0.0092315369261477,7.40540540540541,NA,1,11,5,"Italian",4008
"19","quello",15,0.00374251497005988,8,NA,4,4,6,"Italian",4008
"20","allora",18,0.00449101796407186,8.72222222222222,NA,2,14,6,"Italian",4008
"21","il",80,0.0199600798403194,8.1,NA,1,13,2,"Italian",4008
"22","pelo",4,0.000998003992015968,9.75,NA,NA,NA,4,"Italian",4008
"23","quell'",7,0.00174650698602794,9,NA,NA,1,6,"Italian",4008
"24","orsetto",47,0.0117265469061876,8.85106382978723,1,21,NA,7,"Italian",4008
"25","lì",24,0.00598802395209581,7.91666666666667,NA,12,1,2,"Italian",4008
"26","morbido",7,0.00174650698602794,9,NA,6,NA,7,"Italian",4008
"27","ce",15,0.00374251497005988,7.26666666666667,NA,NA,6,2,"Italian",4008
"28","ha",36,0.00898203592814371,8.58333333333333,NA,NA,2,2,"Italian",4008
"29","la",94,0.0234530938123752,7.51063829787234,NA,NA,18,2,"Italian",4008
"30","bocchina",1,0.000249500998003992,5,NA,1,NA,8,"Italian",4008
"31","gli",21,0.00523952095808383,7.80952380952381,NA,NA,5,3,"Italian",4008
"32","occhietti",1,0.000249500998003992,2,NA,1,NA,9,"Italian",4008
"33","le",22,0.00548902195608782,7,NA,1,4,2,"Italian",4008
"34","zampine",1,0.000249500998003992,4,NA,NA,NA,7,"Italian",4008
"35","nasino",1,0.000249500998003992,4,NA,1,NA,6,"Italian",4008
"36","hm",23,0.00573852295409182,1,23,NA,NA,2,"Italian",4008
"37","funziona",1,0.000249500998003992,4,NA,NA,1,8,"Italian",4008
"38","ma",35,0.00873253493013972,8.74285714285714,NA,NA,25,2,"Italian",4008
"39","a",52,0.0129740518962076,8.57692307692308,NA,NA,3,1,"Italian",4008
"40","noi",5,0.00124750499001996,9.6,NA,NA,NA,3,"Italian",4008
"41","non",59,0.0147205588822355,8.23728813559322,NA,NA,16,3,"Italian",4008
"42","ci",37,0.0092315369261477,6.89189189189189,NA,NA,6,2,"Italian",4008
"43","interessa",1,0.000249500998003992,9,NA,NA,NA,9,"Italian",4008
"44","avevamo",1,0.000249500998003992,10,NA,NA,NA,7,"Italian",4008
"45","un",74,0.0184630738522954,7.5,NA,1,13,2,"Italian",4008
"46","ancora",15,0.00374251497005988,7.93333333333333,NA,3,NA,6,"Italian",4008
"47","oltre",1,0.000249500998003992,10,NA,NA,NA,5,"Italian",4008
"48","questi",7,0.00174650698602794,8.28571428571429,NA,2,NA,6,"Italian",4008
"49","questo",42,0.0104790419161677,7.40476190476191,3,4,11,6,"Italian",4008
"50","guarda",43,0.0107285429141717,7.16279069767442,2,9,18,6,"Italian",4008
"51","secondo",10,0.00249500998003992,8.7,NA,NA,3,7,"Italian",4008
"52","me",11,0.00274451097804391,7.90909090909091,NA,3,1,2,"Italian",4008
"53","più",11,0.00274451097804391,9,NA,4,NA,3,"Italian",4008
"54","com'",9,0.00224550898203593,6.66666666666667,NA,NA,2,4,"Italian",4008
"55","adesso",12,0.0029940119760479,7.66666666666667,NA,1,7,6,"Italian",4008
"56","che",66,0.0164670658682635,9.15151515151515,NA,1,8,3,"Italian",4008
"57","hanno",19,0.00474051896207585,7.84210526315789,NA,3,2,5,"Italian",4008
"58","tutto",8,0.00199600798403194,7.375,NA,2,1,5,"Italian",4008
"59","asciugato",3,0.000748502994011976,12.3333333333333,NA,2,NA,9,"Italian",4008
"60","vieni",12,0.0029940119760479,7,NA,2,5,5,"Italian",4008
"61","vedere",8,0.00199600798403194,6.875,NA,4,NA,6,"Italian",4008
"62","lungo",5,0.00124750499001996,7.6,NA,4,NA,5,"Italian",4008
"63","poi",29,0.00723552894211577,6.41379310344828,2,5,9,3,"Italian",4008
"64","sai",10,0.00249500998003992,6.6,NA,NA,NA,3,"Italian",4008
"65","in",18,0.00449101796407186,8.33333333333333,NA,NA,NA,2,"Italian",4008
"66","fondo",2,0.000499001996007984,7,NA,NA,NA,5,"Italian",4008
"67","canta",2,0.000499001996007984,8,NA,NA,NA,5,"Italian",4008
"68","canzoncina",5,0.00124750499001996,4.6,1,3,NA,10,"Italian",4008
"69","bello",5,0.00124750499001996,6.2,1,2,NA,5,"Italian",4008
"70","treno",4,0.000998003992015968,9.25,NA,2,NA,5,"Italian",4008
"71","piacerebbe",1,0.000249500998003992,13,NA,NA,NA,10,"Italian",4008
"72","molto",3,0.000748502994011976,9.66666666666667,NA,NA,NA,5,"Italian",4008
"73","giovanni",6,0.00149700598802395,6.5,NA,3,NA,8,"Italian",4008
"74","porta",2,0.000499001996007984,13,NA,NA,NA,5,"Italian",4008
"75","legna",2,0.000499001996007984,10,NA,1,NA,5,"Italian",4008
"76","dobbiamo",1,0.000249500998003992,8,NA,NA,1,8,"Italian",4008
"77","parlare",5,0.00124750499001996,9,NA,NA,NA,7,"Italian",4008
"78","deve",3,0.000748502994011976,10.3333333333333,NA,NA,NA,4,"Italian",4008
"79","quando",15,0.00374251497005988,9.86666666666667,NA,NA,2,6,"Italian",4008
"80","abbiamo",5,0.00124750499001996,10.2,NA,NA,NA,7,"Italian",4008
"81","finito",3,0.000748502994011976,9.33333333333333,NA,1,NA,6,"Italian",4008
"82","facciamo",6,0.00149700598802395,6.83333333333333,NA,1,NA,8,"Italian",4008
"83","dopo",11,0.00274451097804391,7.90909090909091,NA,5,2,4,"Italian",4008
"84","parla",3,0.000748502994011976,6.66666666666667,NA,NA,NA,5,"Italian",4008
"85","lui",5,0.00124750499001996,8.8,NA,1,1,3,"Italian",4008
"86","c'",60,0.0149700598802395,7.61666666666667,NA,NA,9,2,"Italian",4008
"87","locomotiva",2,0.000499001996007984,6.5,NA,NA,NA,10,"Italian",4008
"88","vagone",2,0.000499001996007984,9,NA,1,NA,6,"Italian",4008
"89","carico",1,0.000249500998003992,7,NA,NA,NA,6,"Italian",4008
"90","con",14,0.00349301397205589,9.64285714285714,NA,NA,2,3,"Italian",4008
"91","sopra",2,0.000499001996007984,11,NA,NA,NA,5,"Italian",4008
"92","tutti",17,0.00424151696606786,8.58823529411765,NA,2,NA,5,"Italian",4008
"93","omini",1,0.000249500998003992,12,NA,1,NA,5,"Italian",4008
"94","solo",6,0.00149700598802395,8.33333333333333,NA,1,1,4,"Italian",4008
"95","arriva",2,0.000499001996007984,10,NA,NA,NA,6,"Italian",4008
"96","qui",39,0.00973053892215569,7.38461538461539,NA,8,16,3,"Italian",4008
"97","sotto",3,0.000748502994011976,8.66666666666667,NA,NA,NA,5,"Italian",4008
"98","ponte",2,0.000499001996007984,8,1,NA,NA,5,"Italian",4008
"99","omino",1,0.000249500998003992,15,NA,NA,NA,5,"Italian",4008
"100","li",23,0.00573852295409182,8.65217391304348,NA,NA,4,2,"Italian",4008
"101","saluta",1,0.000249500998003992,15,NA,1,NA,6,"Italian",4008
"102","te",20,0.00499001996007984,7.6,NA,4,4,2,"Italian",4008
"103","vedi",26,0.00648702594810379,8.07692307692308,NA,7,12,4,"Italian",4008
"104","mai",3,0.000748502994011976,6.33333333333333,NA,1,NA,3,"Italian",4008
"105","i",40,0.00998003992015968,8.525,NA,NA,2,1,"Italian",4008
"106","treni",3,0.000748502994011976,11.6666666666667,NA,2,NA,5,"Italian",4008
"107","dove",29,0.00723552894211577,7.06896551724138,NA,3,10,4,"Italian",4008
"108","vai",8,0.00199600798403194,7.375,NA,NA,NA,3,"Italian",4008
"109","per",18,0.00449101796407186,7.77777777777778,NA,NA,4,3,"Italian",4008
"110","vederli",1,0.000249500998003992,6,NA,NA,NA,7,"Italian",4008
"111","meglio",2,0.000499001996007984,6,NA,2,NA,6,"Italian",4008
"112","sì",36,0.00898203592814371,4.75,12,1,16,2,"Italian",4008
"113","oppure",1,0.000249500998003992,9,NA,NA,NA,6,"Italian",4008
"114","su",4,0.000998003992015968,9.75,NA,NA,1,2,"Italian",4008
"115","scalette",1,0.000249500998003992,9,NA,1,NA,8,"Italian",4008
"116","nella",9,0.00224550898203593,7.44444444444444,NA,NA,3,5,"Italian",4008
"117","torre",2,0.000499001996007984,4.5,NA,2,NA,5,"Italian",4008
"118","chi",17,0.00424151696606786,6.76470588235294,NA,NA,7,3,"Italian",4008
"119","sulla",4,0.000998003992015968,9.5,NA,NA,NA,5,"Italian",4008
"120","passano",1,0.000249500998003992,9,NA,NA,NA,7,"Italian",4008
"121","saluti",1,0.000249500998003992,9,NA,1,NA,6,"Italian",4008
"122","dici",1,0.000249500998003992,3,NA,1,NA,4,"Italian",4008
"123","sono",41,0.0102295409181637,6.21951219512195,2,7,6,4,"Italian",4008
"124","dei",5,0.00124750499001996,7.6,NA,NA,NA,3,"Italian",4008
"125","bambini",3,0.000748502994011976,10,NA,1,NA,7,"Italian",4008
"126","signori",1,0.000249500998003992,6,NA,1,NA,7,"Italian",4008
"127","libro",2,0.000499001996007984,4,NA,2,NA,5,"Italian",4008
"128","no",18,0.00449101796407186,7.33333333333333,NA,2,13,2,"Italian",4008
"129","fare",6,0.00149700598802395,7.83333333333333,NA,1,NA,4,"Italian",4008
"130","teddy",16,0.00399201596806387,9.8125,NA,4,1,5,"Italian",4008
"131","prendiamo",2,0.000499001996007984,7,NA,NA,NA,9,"Italian",4008
"132","andiamo",14,0.00349301397205589,7,NA,NA,3,7,"Italian",4008
"133","prendere",6,0.00149700598802395,7.83333333333333,NA,1,NA,8,"Italian",4008
"134","una",24,0.00598802395209581,6.58333333333333,NA,NA,4,3,"Italian",4008
"135","altra",4,0.000998003992015968,9.25,NA,NA,NA,5,"Italian",4008
"136","prepariamo",1,0.000249500998003992,4,NA,NA,NA,10,"Italian",4008
"137","cioccolata",5,0.00124750499001996,5.8,NA,5,NA,10,"Italian",4008
"138","dimmi",2,0.000499001996007984,8.5,NA,NA,1,5,"Italian",4008
"139","come",21,0.00523952095808383,4.61904761904762,NA,NA,8,4,"Italian",4008
"140","prepararla",1,0.000249500998003992,7,NA,NA,NA,10,"Italian",4008
"141","basta",1,0.000249500998003992,2,NA,1,NA,5,"Italian",4008
"142","vuole",6,0.00149700598802395,7.83333333333333,NA,NA,NA,5,"Italian",4008
"143","berla",2,0.000499001996007984,11,NA,2,NA,5,"Italian",4008
"144","prima",13,0.0032435129740519,9.07692307692308,NA,1,4,5,"Italian",4008
"145","biscotti",1,0.000249500998003992,9,NA,NA,NA,8,"Italian",4008
"146","della",5,0.00124750499001996,11.8,NA,NA,NA,5,"Italian",4008
"147","nonna",5,0.00124750499001996,7.8,NA,2,NA,5,"Italian",4008
"148","appunto",1,0.000249500998003992,16,NA,NA,1,7,"Italian",4008
"149","nascosti",1,0.000249500998003992,16,NA,NA,NA,8,"Italian",4008
"150","fino",1,0.000249500998003992,16,NA,NA,NA,4,"Italian",4008
"151","domani",3,0.000748502994011976,10.6666666666667,NA,1,NA,6,"Italian",4008
"152","sennò",4,0.000998003992015968,13,NA,NA,NA,5,"Italian",4008
"153","angelo",6,0.00149700598802395,9.33333333333333,NA,3,1,6,"Italian",4008
"154","mangia",8,0.00199600798403194,8.375,NA,4,NA,6,"Italian",4008
"155","sta",7,0.00174650698602794,7.28571428571429,NA,NA,NA,3,"Italian",4008
"156","male",1,0.000249500998003992,16,NA,1,NA,4,"Italian",4008
"157","ora",7,0.00174650698602794,9.57142857142857,NA,NA,1,3,"Italian",4008
"158","messi",1,0.000249500998003992,8,NA,NA,NA,5,"Italian",4008
"159","xxx",6,0.00149700598802395,3.16666666666667,2,1,3,3,"Italian",4008
"160","dov'",10,0.00249500998003992,6.4,NA,NA,3,4,"Italian",4008
"161","andato",3,0.000748502994011976,9.66666666666667,NA,1,NA,6,"Italian",4008
"162","ricordi",7,0.00174650698602794,7.85714285714286,NA,1,NA,7,"Italian",4008
"163","era",7,0.00174650698602794,10.7142857142857,NA,NA,NA,3,"Italian",4008
"164","po'",14,0.00349301397205589,8.78571428571429,NA,NA,NA,3,"Italian",4008
"165","uhh",1,0.000249500998003992,9,NA,NA,1,3,"Italian",4008
"166","eccolo",2,0.000499001996007984,7,NA,NA,NA,6,"Italian",4008
"167","torna",1,0.000249500998003992,9,NA,NA,NA,5,"Italian",4008
"168","casa",6,0.00149700598802395,8,NA,1,NA,4,"Italian",4008
"169","corsa",1,0.000249500998003992,9,NA,1,NA,5,"Italian",4008
"170","fanno",9,0.00224550898203593,6.77777777777778,NA,2,NA,5,"Italian",4008
"171","spogliato",1,0.000249500998003992,3,NA,1,NA,9,"Italian",4008
"172","tolto",1,0.000249500998003992,9,NA,NA,NA,5,"Italian",4008
"173","vestiti",2,0.000499001996007984,9.5,NA,NA,NA,7,"Italian",4008
"174","erano",1,0.000249500998003992,9,NA,NA,NA,5,"Italian",4008
"175","bagnati",2,0.000499001996007984,9.5,NA,1,NA,7,"Italian",4008
"176","asciugano",1,0.000249500998003992,8,NA,NA,NA,9,"Italian",4008
"177","bell'",1,0.000249500998003992,8,NA,NA,NA,5,"Italian",4008
"178","asciugamano",2,0.000499001996007984,7,NA,NA,NA,11,"Italian",4008
"179","bianco",2,0.000499001996007984,7,NA,2,NA,6,"Italian",4008
"180","fregano",1,0.000249500998003992,6,NA,NA,NA,7,"Italian",4008
"181","bene",13,0.0032435129740519,6.76923076923077,NA,8,NA,4,"Italian",4008
"182","così",9,0.00224550898203593,7.77777777777778,NA,NA,4,4,"Italian",4008
"183","scalda",2,0.000499001996007984,7.5,NA,1,NA,6,"Italian",4008
"184","preoccupati",2,0.000499001996007984,7.5,NA,NA,NA,11,"Italian",4008
"185","bimbi",5,0.00124750499001996,7.4,NA,3,NA,5,"Italian",4008
"186","faccine",1,0.000249500998003992,5,NA,NA,NA,7,"Italian",4008
"187","tristi",1,0.000249500998003992,5,NA,NA,NA,6,"Italian",4008
"188","eh",22,0.00548902195608782,6.95454545454545,4,4,14,2,"Italian",4008
"189","stato",2,0.000499001996007984,9.5,NA,NA,NA,5,"Italian",4008
"190","fuori",14,0.00349301397205589,11.4285714285714,NA,2,2,5,"Italian",4008
"191","all'",4,0.000998003992015968,11.5,NA,NA,NA,4,"Italian",4008
"192","acqua",5,0.00124750499001996,12.2,NA,2,NA,5,"Italian",4008
"193","dice",5,0.00124750499001996,8.2,NA,4,NA,4,"Italian",4008
"194","cagnolino",12,0.0029940119760479,7.25,NA,5,NA,9,"Italian",4008
"195","aiuta",1,0.000249500998003992,6,NA,NA,NA,5,"Italian",4008
"196","prende",2,0.000499001996007984,7.5,NA,NA,1,6,"Italian",4008
"197","dopoché",2,0.000499001996007984,9.5,NA,NA,NA,7,"Italian",4008
"198","ben",1,0.000249500998003992,11,NA,NA,NA,3,"Italian",4008
"199","fasciano",1,0.000249500998003992,3,NA,NA,NA,8,"Italian",4008
"200","caldo",2,0.000499001996007984,6,NA,2,NA,5,"Italian",4008
"201","piove",6,0.00149700598802395,8.66666666666667,1,1,NA,5,"Italian",4008
"202","venuto",1,0.000249500998003992,9,NA,NA,NA,6,"Italian",4008
"203","sole",2,0.000499001996007984,11,NA,1,NA,4,"Italian",4008
"204","mh",4,0.000998003992015968,4,3,NA,1,2,"Italian",4008
"205","possono",3,0.000748502994011976,7.33333333333333,NA,NA,NA,7,"Italian",4008
"206","via",9,0.00224550898203593,6.22222222222222,NA,4,NA,3,"Italian",4008
"207","giocare",5,0.00124750499001996,6.8,NA,2,NA,7,"Italian",4008
"208","vanno",7,0.00174650698602794,8.42857142857143,NA,1,NA,5,"Italian",4008
"209","possiamo",3,0.000748502994011976,10,NA,NA,NA,8,"Italian",4008
"210","andare",4,0.000998003992015968,8.75,NA,NA,NA,6,"Italian",4008
"211","fa",22,0.00548902195608782,7,NA,5,NA,2,"Italian",4008
"212","leggi",1,0.000249500998003992,7,NA,NA,1,5,"Italian",4008
"213","forte",4,0.000998003992015968,5.5,NA,2,NA,5,"Italian",4008
"214","ti",21,0.00523952095808383,8.09523809523809,NA,NA,6,2,"Italian",4008
"215","voglio",2,0.000499001996007984,8,NA,NA,NA,6,"Italian",4008
"216","sentire",3,0.000748502994011976,7.66666666666667,NA,1,NA,7,"Italian",4008
"217","anch'",1,0.000249500998003992,7,NA,NA,NA,5,"Italian",4008
"218","io",10,0.00249500998003992,8.4,NA,1,3,2,"Italian",4008
"219","senti",4,0.000998003992015968,6.75,NA,1,NA,5,"Italian",4008
"220","bimba",11,0.00274451097804391,7.45454545454545,NA,3,NA,5,"Italian",4008
"221","bagnata",1,0.000249500998003992,13,NA,NA,NA,7,"Italian",4008
"222","piedini",1,0.000249500998003992,13,NA,1,NA,7,"Italian",4008
"223","ahh",2,0.000499001996007984,7,NA,NA,2,3,"Italian",4008
"224","lasciati",1,0.000249500998003992,8,NA,NA,NA,8,"Italian",4008
"225","stivaletti",1,0.000249500998003992,8,NA,1,NA,10,"Italian",4008
"226","pozzanghera",1,0.000249500998003992,10,NA,NA,NA,11,"Italian",4008
"227","queste",4,0.000998003992015968,5.75,NA,1,2,6,"Italian",4008
"228","attrezzature",1,0.000249500998003992,10,NA,NA,NA,12,"Italian",4008
"229","del",15,0.00374251497005988,6.86666666666667,NA,NA,1,3,"Italian",4008
"230","medico",1,0.000249500998003992,10,NA,NA,NA,6,"Italian",4008
"231","termometro",1,0.000249500998003992,4,NA,1,NA,10,"Italian",4008
"232","cerotti",1,0.000249500998003992,2,NA,1,NA,7,"Italian",4008
"233","stanno",3,0.000748502994011976,9,NA,NA,NA,6,"Italian",4008
"234","curando",1,0.000249500998003992,6,NA,NA,NA,7,"Italian",4008
"235","mettono",2,0.000499001996007984,7,NA,NA,NA,7,"Italian",4008
"236","tutte",4,0.000998003992015968,8.75,NA,NA,NA,5,"Italian",4008
"237","bende",3,0.000748502994011976,8,NA,2,NA,5,"Italian",4008
"238","tenerlo",1,0.000249500998003992,8,NA,NA,NA,7,"Italian",4008
"239","bisogno",1,0.000249500998003992,8,NA,NA,NA,7,"Italian",4008
"240","fascia",2,0.000499001996007984,5,NA,1,NA,6,"Italian",4008
"241","al",6,0.00149700598802395,10,NA,NA,NA,2,"Italian",4008
"242","collo",4,0.000998003992015968,8.25,NA,1,NA,5,"Italian",4008
"243","paura",2,0.000499001996007984,5.5,NA,NA,NA,5,"Italian",4008
"244","rimasto",1,0.000249500998003992,11,NA,NA,NA,7,"Italian",4008
"245","aveva",6,0.00149700598802395,6.33333333333333,NA,NA,NA,5,"Italian",4008
"246","ah",4,0.000998003992015968,4.25,NA,NA,4,2,"Italian",4008
"247","lasciato",2,0.000499001996007984,8,NA,NA,NA,8,"Italian",4008
"248","voleva",1,0.000249500998003992,3,NA,NA,NA,6,"Italian",4008
"249","bagnare",1,0.000249500998003992,3,NA,1,NA,7,"Italian",4008
"250","mica",2,0.000499001996007984,8.5,NA,NA,NA,4,"Italian",4008
"251","stivali",1,0.000249500998003992,10,NA,1,NA,7,"Italian",4008
"252","chiama",2,0.000499001996007984,6,NA,NA,NA,6,"Italian",4008
"253","melania",9,0.00224550898203593,6.55555555555556,1,5,1,7,"Italian",4008
"254","quella",16,0.00399201596806387,6.9375,NA,1,1,6,"Italian",4008
"255","bimbina",3,0.000748502994011976,8.33333333333333,NA,1,NA,7,"Italian",4008
"256","seduta",1,0.000249500998003992,13,NA,NA,NA,6,"Italian",4008
"257","seggiolina",1,0.000249500998003992,13,NA,NA,NA,10,"Italian",4008
"258","bianca",1,0.000249500998003992,13,NA,NA,NA,6,"Italian",4008
"259","fasciando",1,0.000249500998003992,13,NA,NA,NA,9,"Italian",4008
"260","raffreddore",2,0.000499001996007984,10.5,NA,2,NA,11,"Italian",4008
"261","tagliare",3,0.000748502994011976,3.66666666666667,NA,3,NA,8,"Italian",4008
"262","usa",1,0.000249500998003992,4,NA,NA,NA,3,"Italian",4008
"263","corre",2,0.000499001996007984,8,NA,1,NA,5,"Italian",4008
"264","fiori",3,0.000748502994011976,9.66666666666667,NA,1,NA,5,"Italian",4008
"265","bagnano",1,0.000249500998003992,13,NA,NA,NA,7,"Italian",4008
"266","però",4,0.000998003992015968,9.25,NA,NA,3,4,"Italian",4008
"267","ai",2,0.000499001996007984,8,NA,NA,1,2,"Italian",4008
"268","bisogna",5,0.00124750499001996,7.6,NA,NA,3,7,"Italian",4008
"269","innaffiarli",1,0.000249500998003992,4,NA,1,NA,11,"Italian",4008
"270","porti",2,0.000499001996007984,3.5,NA,2,NA,5,"Italian",4008
"271","portiamo",2,0.000499001996007984,6.5,NA,NA,1,8,"Italian",4008
"272","bimbo",24,0.00598802395209581,8.83333333333333,NA,8,NA,5,"Italian",4008
"273","biondo",3,0.000748502994011976,5.33333333333333,NA,2,NA,6,"Italian",4008
"274","proprio",6,0.00149700598802395,7.16666666666667,NA,NA,1,7,"Italian",4008
"275","va",7,0.00174650698602794,5.28571428571429,NA,NA,4,2,"Italian",4008
"276","pesca",2,0.000499001996007984,9.5,NA,1,NA,5,"Italian",4008
"277","questa",20,0.00499001996007984,6.05,NA,5,7,6,"Italian",4008
"278","canna",1,0.000249500998003992,12,NA,NA,NA,5,"Italian",4008
"279","da",6,0.00149700598802395,8,NA,NA,NA,2,"Italian",4008
"280","già",5,0.00124750499001996,9.4,NA,NA,NA,3,"Italian",4008
"281","pesciolino",2,0.000499001996007984,7.5,NA,2,NA,10,"Italian",4008
"282","nel",11,0.00274451097804391,7.09090909090909,1,NA,NA,3,"Italian",4008
"283","fiume",2,0.000499001996007984,6.5,NA,1,NA,5,"Italian",4008
"284","o",11,0.00274451097804391,6.45454545454545,NA,NA,4,1,"Italian",4008
"285","lago",1,0.000249500998003992,8,NA,NA,NA,4,"Italian",4008
"286","pescare",1,0.000249500998003992,8,NA,1,NA,7,"Italian",4008
"287","penso",1,0.000249500998003992,5,NA,NA,1,5,"Italian",4008
"288","andrà",1,0.000249500998003992,5,NA,NA,NA,5,"Italian",4008
"289","spegnamo",3,0.000748502994011976,7.33333333333333,NA,1,1,8,"Italian",4008
"290","luce",2,0.000499001996007984,4.5,NA,1,NA,4,"Italian",4008
"291","qua",18,0.00449101796407186,4.88888888888889,2,11,NA,3,"Italian",4008
"292","sua",3,0.000748502994011976,4.66666666666667,NA,NA,NA,3,"Italian",4008
"293","avanti",5,0.00124750499001996,6.6,NA,2,2,6,"Italian",4008
"294","mi",5,0.00124750499001996,7.8,NA,NA,NA,2,"Italian",4008
"295","sa",1,0.000249500998003992,8,NA,NA,NA,2,"Italian",4008
"296","spenta",1,0.000249500998003992,8,NA,1,NA,6,"Italian",4008
"297","stanchetta",1,0.000249500998003992,3,NA,1,NA,10,"Italian",4008
"298","vammi",1,0.000249500998003992,6,NA,NA,1,5,"Italian",4008
"299","palla",1,0.000249500998003992,6,NA,NA,NA,5,"Italian",4008
"300","là",7,0.00174650698602794,5.85714285714286,NA,3,NA,2,"Italian",4008
"301","terra",1,0.000249500998003992,2,NA,1,NA,5,"Italian",4008
"302","tirala",1,0.000249500998003992,8,NA,NA,NA,6,"Italian",4008
"303","piano",3,0.000748502994011976,7.33333333333333,NA,1,NA,5,"Italian",4008
"304","riesco",1,0.000249500998003992,8,NA,NA,NA,6,"Italian",4008
"305","prenderla",1,0.000249500998003992,8,NA,1,NA,9,"Italian",4008
"306","mamma",11,0.00274451097804391,8,NA,5,NA,5,"Italian",4008
"307","stanca",1,0.000249500998003992,7,NA,NA,NA,6,"Italian",4008
"308","giochiamo",1,0.000249500998003992,7,NA,NA,NA,9,"Italian",4008
"309","vendi",1,0.000249500998003992,5,NA,1,NA,5,"Italian",4008
"310","sicuro",1,0.000249500998003992,7,NA,1,NA,6,"Italian",4008
"311","acceso",3,0.000748502994011976,9,NA,1,NA,6,"Italian",4008
"312","sei",2,0.000499001996007984,3.5,NA,NA,NA,3,"Italian",4008
"313","venuta",1,0.000249500998003992,3,NA,1,NA,6,"Italian",4008
"314","devi",1,0.000249500998003992,4,NA,NA,NA,4,"Italian",4008
"315","cantare",4,0.000998003992015968,5.5,NA,2,NA,7,"Italian",4008
"316","giochi",6,0.00149700598802395,8.83333333333333,NA,4,NA,6,"Italian",4008
"317","manuela",4,0.000998003992015968,7.25,NA,3,NA,7,"Italian",4008
"318","brava",1,0.000249500998003992,5,NA,NA,1,5,"Italian",4008
"319","cuci",2,0.000499001996007984,4,NA,1,1,4,"Italian",4008
"320","rotte",1,0.000249500998003992,5,NA,1,NA,5,"Italian",4008
"321","mettiamo",10,0.00249500998003992,6.6,NA,NA,2,8,"Italian",4008
"322","ago",2,0.000499001996007984,9.5,NA,NA,NA,3,"Italian",4008
"323","finiamo",1,0.000249500998003992,11,NA,NA,NA,7,"Italian",4008
"324","laviamo",3,0.000748502994011976,3.33333333333333,NA,1,1,7,"Italian",4008
"325","filo",1,0.000249500998003992,8,NA,NA,NA,4,"Italian",4008
"326","tazze",1,0.000249500998003992,3,NA,1,NA,5,"Italian",4008
"327","lavo",1,0.000249500998003992,6,NA,NA,NA,4,"Italian",4008
"328","tu",3,0.000748502994011976,11.6666666666667,NA,NA,NA,2,"Italian",4008
"329","asciughi",1,0.000249500998003992,6,NA,1,NA,8,"Italian",4008
"330","bel",6,0.00149700598802395,6,NA,1,NA,3,"Italian",4008
"331","bagnetto",1,0.000249500998003992,5,NA,1,NA,8,"Italian",4008
"332","capelli",5,0.00124750499001996,6.8,NA,3,NA,7,"Italian",4008
"333","invece",12,0.0029940119760479,7.75,NA,1,1,6,"Italian",4008
"334","direi",1,0.000249500998003992,10,NA,NA,NA,5,"Italian",4008
"335","altrimenti",1,0.000249500998003992,10,NA,NA,NA,10,"Italian",4008
"336","uscire",1,0.000249500998003992,10,NA,1,NA,6,"Italian",4008
"337","dai",10,0.00249500998003992,5.8,NA,5,5,3,"Italian",4008
"338","preparare",2,0.000499001996007984,11.5,NA,NA,NA,9,"Italian",4008
"339","vasca",2,0.000499001996007984,11.5,NA,1,NA,5,"Italian",4008
"340","suoni",2,0.000499001996007984,4,NA,NA,1,5,"Italian",4008
"341","ritorniamo",1,0.000249500998003992,5,NA,NA,NA,10,"Italian",4008
"342","benissimo",1,0.000249500998003992,1,1,NA,NA,9,"Italian",4008
"343","appena",2,0.000499001996007984,10,NA,NA,NA,6,"Italian",4008
"344","messo",15,0.00374251497005988,8,NA,4,NA,5,"Italian",4008
"345","ochetta",1,0.000249500998003992,13,NA,NA,NA,7,"Italian",4008
"346","rotta",1,0.000249500998003992,13,NA,NA,NA,5,"Italian",4008
"347","ne",4,0.000998003992015968,8,NA,NA,1,2,"Italian",4008
"348","compriamo",1,0.000249500998003992,13,NA,NA,NA,9,"Italian",4008
"349","aiuto",1,0.000249500998003992,7,NA,NA,NA,5,"Italian",4008
"350","levartela",1,0.000249500998003992,7,NA,NA,NA,9,"Italian",4008
"351","elisa",10,0.00249500998003992,7.4,NA,2,NA,5,"Italian",4008
"352","mangi",2,0.000499001996007984,13,NA,NA,NA,5,"Italian",4008
"353","usciamo",1,0.000249500998003992,15,NA,NA,NA,7,"Italian",4008
"354","bagno",2,0.000499001996007984,5.5,NA,1,NA,5,"Italian",4008
"355","lavati",1,0.000249500998003992,10,NA,NA,NA,6,"Italian",4008
"356","ieri",1,0.000249500998003992,10,NA,NA,NA,4,"Italian",4008
"357","dalla",1,0.000249500998003992,7,NA,NA,NA,5,"Italian",4008
"358","aspetta",4,0.000998003992015968,6.5,NA,2,1,7,"Italian",4008
"359","lavarti",1,0.000249500998003992,10,NA,NA,NA,7,"Italian",4008
"360","dentro",5,0.00124750499001996,7.6,NA,1,1,6,"Italian",4008
"361","alla",10,0.00249500998003992,9.1,NA,NA,1,4,"Italian",4008
"362","borsa",1,0.000249500998003992,6,NA,1,NA,5,"Italian",4008
"363","caramelle",1,0.000249500998003992,1,1,NA,NA,9,"Italian",4008
"364","hai",21,0.00523952095808383,6.95238095238095,NA,1,NA,3,"Italian",4008
"365","raccontavi",1,0.000249500998003992,8,NA,NA,NA,10,"Italian",4008
"366","bella",3,0.000748502994011976,4,1,NA,NA,5,"Italian",4008
"367","favola",2,0.000499001996007984,6.5,NA,NA,NA,6,"Italian",4008
"368","sento",3,0.000748502994011976,7,NA,2,NA,5,"Italian",4008
"369","niente",3,0.000748502994011976,10,NA,NA,NA,6,"Italian",4008
"370","parli",1,0.000249500998003992,7,NA,NA,NA,5,"Italian",4008
"371","normale",1,0.000249500998003992,7,NA,1,NA,7,"Italian",4008
"372","cantami",1,0.000249500998003992,3,NA,NA,1,7,"Italian",4008
"373","cantamela",1,0.000249500998003992,10,NA,NA,NA,9,"Italian",4008
"374","faccio",2,0.000499001996007984,8,NA,NA,NA,6,"Italian",4008
"375","finché",2,0.000499001996007984,7,NA,NA,1,6,"Italian",4008
"376","finita",1,0.000249500998003992,8,NA,1,NA,6,"Italian",4008
"377","bambino",8,0.00199600798403194,9.125,NA,3,NA,7,"Italian",4008
"378","credo",2,0.000499001996007984,4.5,NA,1,NA,5,"Italian",4008
"379","raccontami",2,0.000499001996007984,3,1,NA,1,10,"Italian",4008
"380","vuoi",5,0.00124750499001996,5,NA,NA,2,4,"Italian",4008
"381","cos'",14,0.00349301397205589,5.14285714285714,NA,NA,6,4,"Italian",4008
"382","cercare",1,0.000249500998003992,4,NA,1,NA,7,"Italian",4008
"383","cagnone",4,0.000998003992015968,4.25,1,2,NA,7,"Italian",4008
"384","diciamo",1,0.000249500998003992,7,NA,NA,NA,7,"Italian",4008
"385","sapere",2,0.000499001996007984,11.5,NA,NA,NA,6,"Italian",4008
"386","mio",1,0.000249500998003992,9,NA,NA,NA,3,"Italian",4008
"387","portafoglio",1,0.000249500998003992,9,NA,1,NA,11,"Italian",4008
"388","giù",1,0.000249500998003992,6,NA,NA,1,3,"Italian",4008
"389","cercarlo",1,0.000249500998003992,6,NA,NA,NA,8,"Italian",4008
"390","potrà",1,0.000249500998003992,4,NA,NA,NA,5,"Italian",4008
"391","essere",1,0.000249500998003992,4,NA,1,NA,6,"Italian",4008
"392","proviamo",1,0.000249500998003992,8,NA,NA,1,8,"Italian",4008
"393","vediamo",3,0.000748502994011976,6,NA,1,NA,7,"Italian",4008
"394","cacciato",1,0.000249500998003992,6,NA,1,NA,8,"Italian",4008
"395","camera",2,0.000499001996007984,6.5,NA,2,NA,6,"Italian",4008
"396","finalmente",1,0.000249500998003992,5,NA,NA,NA,10,"Italian",4008
"397","quel",7,0.00174650698602794,8.71428571428571,NA,NA,NA,4,"Italian",4008
"398","birbante",1,0.000249500998003992,5,NA,1,NA,8,"Italian",4008
"399","microfono",2,0.000499001996007984,10.5,NA,1,NA,9,"Italian",4008
"400","toccarlo",1,0.000249500998003992,13,NA,NA,NA,8,"Italian",4008
"401","sente",1,0.000249500998003992,13,NA,NA,NA,5,"Italian",4008
"402","puoi",2,0.000499001996007984,7,NA,NA,NA,4,"Italian",4008
"403","senza",1,0.000249500998003992,8,NA,NA,NA,5,"Italian",4008
"404","giravolta",1,0.000249500998003992,3,NA,1,NA,9,"Italian",4008
"405","momento",1,0.000249500998003992,5,NA,NA,NA,7,"Italian",4008
"406","rovinare",1,0.000249500998003992,14,NA,NA,NA,8,"Italian",4008
"407","tua",1,0.000249500998003992,14,NA,NA,NA,3,"Italian",4008
"408","voce",1,0.000249500998003992,14,NA,1,NA,4,"Italian",4008
"409","ho",4,0.000998003992015968,5.5,NA,NA,2,2,"Italian",4008
"410","suo",8,0.00199600798403194,10.125,NA,NA,NA,3,"Italian",4008
"411","padroncino",4,0.000998003992015968,10,NA,3,NA,10,"Italian",4008
"412","loro",10,0.00249500998003992,8.1,NA,2,1,4,"Italian",4008
"413","lettino",4,0.000998003992015968,6,1,2,NA,7,"Italian",4008
"414","coccole",1,0.000249500998003992,11,NA,NA,NA,7,"Italian",4008
"415","prima_di",2,0.000499001996007984,10,NA,NA,1,8,"Italian",4008
"416","alzarsi",1,0.000249500998003992,11,NA,1,NA,7,"Italian",4008
"417","disegno",3,0.000748502994011976,7.33333333333333,NA,3,NA,7,"Italian",4008
"418","tutta",2,0.000499001996007984,7,NA,NA,NA,5,"Italian",4008
"419","stanzetta",1,0.000249500998003992,7,NA,NA,NA,9,"Italian",4008
"420","pigiamino",4,0.000998003992015968,6.5,NA,2,NA,9,"Italian",4008
"421","bimbino",3,0.000748502994011976,8.33333333333333,NA,NA,NA,7,"Italian",4008
"422","letto",7,0.00174650698602794,11,NA,1,NA,5,"Italian",4008
"423","librino",2,0.000499001996007984,4,NA,2,NA,7,"Italian",4008
"424","piccolino",4,0.000998003992015968,8.75,NA,3,NA,9,"Italian",4008
"425","sarà",7,0.00174650698602794,7,NA,1,3,4,"Italian",4008
"426","dell'",6,0.00149700598802395,7.83333333333333,NA,NA,NA,5,"Italian",4008
"427","dietro",1,0.000249500998003992,6,NA,1,NA,6,"Italian",4008
"428","tanti",3,0.000748502994011976,8.33333333333333,NA,3,NA,5,"Italian",4008
"429","disegnato",1,0.000249500998003992,8,NA,NA,NA,9,"Italian",4008
"430","copertina",1,0.000249500998003992,8,NA,NA,NA,9,"Italian",4008
"431","colori",1,0.000249500998003992,6,NA,NA,1,6,"Italian",4008
"432","sembrano",1,0.000249500998003992,6,NA,NA,NA,8,"Italian",4008
"433","quasi",1,0.000249500998003992,6,NA,NA,NA,5,"Italian",4008
"434","funghetti",1,0.000249500998003992,6,NA,1,NA,9,"Italian",4008
"435","moretto",2,0.000499001996007984,7,NA,1,NA,7,"Italian",4008
"436","cucina",1,0.000249500998003992,10,NA,NA,NA,6,"Italian",4008
"437","signore",2,0.000499001996007984,9,NA,NA,NA,7,"Italian",4008
"438","papà",7,0.00174650698602794,10.2857142857143,NA,3,NA,4,"Italian",4008
"439","svegliato",1,0.000249500998003992,13,NA,NA,NA,9,"Italian",4008
"440","starà",1,0.000249500998003992,13,NA,NA,NA,5,"Italian",4008
"441","facendo",1,0.000249500998003992,13,NA,1,NA,7,"Italian",4008
"442","preparando",1,0.000249500998003992,3,NA,NA,1,10,"Italian",4008
"443","colazione",5,0.00124750499001996,7.6,NA,3,NA,9,"Italian",4008
"444","mangerà",1,0.000249500998003992,6,NA,NA,NA,7,"Italian",4008
"445","scritto",4,0.000998003992015968,8,NA,1,NA,7,"Italian",4008
"446","orsacchiotto",2,0.000499001996007984,7,NA,1,NA,12,"Italian",4008
"447","alzarci",1,0.000249500998003992,9,NA,NA,NA,7,"Italian",4008
"448","moine",2,0.000499001996007984,9,NA,2,NA,5,"Italian",4008
"449","alzati",1,0.000249500998003992,8,NA,NA,NA,6,"Italian",4008
"450","tanto",1,0.000249500998003992,9,NA,NA,NA,5,"Italian",4008
"451","lava",3,0.000748502994011976,8,NA,2,NA,4,"Italian",4008
"452","veste",1,0.000249500998003992,2,NA,1,NA,5,"Italian",4008
"453","spogliando",1,0.000249500998003992,4,NA,NA,NA,10,"Italian",4008
"454","forse",4,0.000998003992015968,6,NA,2,NA,5,"Italian",4008
"455","angolino",1,0.000249500998003992,8,NA,1,NA,8,"Italian",4008
"456","piedi",3,0.000748502994011976,7.33333333333333,NA,NA,NA,5,"Italian",4008
"457","seduto",2,0.000499001996007984,3,1,1,NA,6,"Italian",4008
"458","stesso",2,0.000499001996007984,9,NA,NA,NA,6,"Italian",4008
"459","vestito",2,0.000499001996007984,8.5,NA,NA,NA,7,"Italian",4008
"460","visto",2,0.000499001996007984,8.5,NA,2,NA,5,"Italian",4008
"461","finire",1,0.000249500998003992,10,NA,NA,NA,6,"Italian",4008
"462","lavare",2,0.000499001996007984,11.5,NA,NA,NA,6,"Italian",4008
"463","laverà",2,0.000499001996007984,6,NA,NA,NA,6,"Italian",4008
"464","denti",3,0.000748502994011976,10.3333333333333,NA,2,NA,5,"Italian",4008
"465","mhm",2,0.000499001996007984,1,2,NA,NA,3,"Italian",4008
"466","pettina",1,0.000249500998003992,5,NA,NA,NA,7,"Italian",4008
"467","avrà",1,0.000249500998003992,7,NA,NA,1,4,"Italian",4008
"468","fatto",6,0.00149700598802395,6.66666666666667,NA,1,NA,5,"Italian",4008
"469","doccia",7,0.00174650698602794,9.42857142857143,NA,2,NA,6,"Italian",4008
"470","annaffiatoio",1,0.000249500998003992,3,NA,NA,NA,12,"Italian",4008
"471","esatto",1,0.000249500998003992,3,NA,1,NA,6,"Italian",4008
"472","mattina",3,0.000748502994011976,9,NA,2,NA,7,"Italian",4008
"473","sveglia",1,0.000249500998003992,12,NA,NA,NA,7,"Italian",4008
"474","fatta",1,0.000249500998003992,4,NA,1,NA,5,"Italian",4008
"475","vedono",1,0.000249500998003992,7,NA,NA,NA,6,"Italian",4008
"476","né",2,0.000499001996007984,13,NA,NA,NA,2,"Italian",4008
"477","pettinare",1,0.000249500998003992,13,NA,NA,NA,9,"Italian",4008
"478","pulire",1,0.000249500998003992,13,NA,NA,NA,6,"Italian",4008
"479","passa",1,0.000249500998003992,8,NA,NA,NA,5,"Italian",4008
"480","scarpette",1,0.000249500998003992,2,NA,1,NA,9,"Italian",4008
"481","cerca",2,0.000499001996007984,10.5,NA,NA,NA,5,"Italian",4008
"482","paio",1,0.000249500998003992,7,NA,1,NA,4,"Italian",4008
"483","castani",1,0.000249500998003992,7,NA,1,NA,7,"Italian",4008
"484","bianchi",1,0.000249500998003992,7,NA,1,NA,7,"Italian",4008
"485","pagina",2,0.000499001996007984,11,NA,NA,NA,6,"Italian",4008
"486","pantaloni",1,0.000249500998003992,8,NA,1,NA,9,"Italian",4008
"487","prendeva",1,0.000249500998003992,9,NA,NA,NA,8,"Italian",4008
"488","caffé",3,0.000748502994011976,7.33333333333333,NA,1,NA,5,"Italian",4008
"489","sempre",4,0.000998003992015968,4.25,NA,NA,1,6,"Italian",4008
"490","preparato",2,0.000499001996007984,11,NA,NA,NA,9,"Italian",4008
"491","boccone",1,0.000249500998003992,8,NA,NA,NA,7,"Italian",4008
"492","uno",6,0.00149700598802395,5.16666666666667,1,NA,NA,3,"Italian",4008
"493","piace",4,0.000998003992015968,7.75,NA,1,NA,5,"Italian",4008
"494","pane",1,0.000249500998003992,10,NA,NA,NA,4,"Italian",4008
"495","marmellata",3,0.000748502994011976,11.6666666666667,NA,1,NA,10,"Italian",4008
"496","mangiano",2,0.000499001996007984,8,NA,NA,NA,8,"Italian",4008
"497","panini",2,0.000499001996007984,12.5,NA,1,NA,6,"Italian",4008
"498","barattolo",1,0.000249500998003992,13,NA,NA,NA,9,"Italian",4008
"499","finestra",3,0.000748502994011976,12.3333333333333,NA,2,NA,8,"Italian",4008
"500","uccellino",1,0.000249500998003992,2,NA,1,NA,9,"Italian",4008
"501","altalena",5,0.00124750499001996,6.2,NA,3,NA,8,"Italian",4008
"502","due",4,0.000998003992015968,6.25,NA,NA,1,3,"Italian",4008
"503","altalene",1,0.000249500998003992,2,NA,1,NA,8,"Italian",4008
"504","alberi",3,0.000748502994011976,10,NA,2,NA,6,"Italian",4008
"505","belli",4,0.000998003992015968,5,NA,2,NA,5,"Italian",4008
"506","pianino",2,0.000499001996007984,5,NA,NA,NA,7,"Italian",4008
"507","guarderei",1,0.000249500998003992,6,NA,NA,NA,9,"Italian",4008
"508","beve",1,0.000249500998003992,3,NA,1,NA,4,"Italian",4008
"509","beva",1,0.000249500998003992,7,NA,NA,NA,4,"Italian",4008
"510","vino",1,0.000249500998003992,7,NA,1,NA,4,"Italian",4008
"511","latte",1,0.000249500998003992,9,NA,NA,NA,5,"Italian",4008
"512","tazza",1,0.000249500998003992,9,NA,1,NA,5,"Italian",4008
"513","tè",2,0.000499001996007984,5,NA,1,NA,2,"Italian",4008
"514","scura",1,0.000249500998003992,6,NA,1,NA,5,"Italian",4008
"515","sporcarsi",1,0.000249500998003992,11,NA,NA,NA,9,"Italian",4008
"516","bavagliolo",4,0.000998003992015968,3.5,2,NA,NA,10,"Italian",4008
"517","uuh",1,0.000249500998003992,5,NA,NA,1,3,"Italian",4008
"518","avere",1,0.000249500998003992,12,NA,NA,NA,5,"Italian",4008
"519","mangiato",1,0.000249500998003992,12,NA,NA,NA,8,"Italian",4008
"520","aspettano",2,0.000499001996007984,10.5,NA,NA,NA,9,"Italian",4008
"521","amica",4,0.000998003992015968,9.25,NA,NA,NA,5,"Italian",4008
"522","abita",1,0.000249500998003992,8,NA,NA,NA,5,"Italian",4008
"523","vicino",1,0.000249500998003992,8,NA,1,NA,6,"Italian",4008
"524","viene",1,0.000249500998003992,9,NA,1,NA,5,"Italian",4008
"525","gioco",1,0.000249500998003992,7,NA,NA,NA,5,"Italian",4008
"526","ecco",2,0.000499001996007984,3,1,NA,1,4,"Italian",4008
"527","uccellini",1,0.000249500998003992,5,NA,1,NA,9,"Italian",4008
"528","insieme",11,0.00274451097804391,9.63636363636364,NA,7,NA,7,"Italian",4008
"529","gioca",2,0.000499001996007984,7.5,NA,NA,NA,5,"Italian",4008
"530","intanto",1,0.000249500998003992,9,NA,NA,1,7,"Italian",4008
"531","mentre",5,0.00124750499001996,8.8,NA,NA,3,6,"Italian",4008
"532","sull'",2,0.000499001996007984,9,NA,NA,NA,5,"Italian",4008
"533","spalla",1,0.000249500998003992,10,NA,1,NA,6,"Italian",4008
"534","legato",1,0.000249500998003992,3,NA,NA,NA,6,"Italian",4008
"535","tiene",1,0.000249500998003992,3,NA,1,NA,5,"Italian",4008
"536","zainetto",2,0.000499001996007984,8,NA,2,NA,8,"Italian",4008
"537","portato",1,0.000249500998003992,6,NA,NA,NA,7,"Italian",4008
"538","suoi",1,0.000249500998003992,6,NA,NA,NA,4,"Italian",4008
"539","animali",1,0.000249500998003992,6,NA,1,NA,7,"Italian",4008
"540","ogni",2,0.000499001996007984,7.5,NA,NA,1,4,"Italian",4008
"541","animale",1,0.000249500998003992,6,NA,NA,NA,7,"Italian",4008
"542","recinto",3,0.000748502994011976,7.66666666666667,NA,3,NA,7,"Italian",4008
"543","pollaio",1,0.000249500998003992,8,NA,NA,NA,7,"Italian",4008
"544","sorveglia",1,0.000249500998003992,8,NA,NA,NA,9,"Italian",4008
"545","coniglietto",4,0.000998003992015968,9,NA,2,NA,11,"Italian",4008
"546","quanti",2,0.000499001996007984,6,NA,NA,1,6,"Italian",4008
"547","animaletti",4,0.000998003992015968,9.75,NA,1,NA,10,"Italian",4008
"548","gallina",4,0.000998003992015968,8.75,NA,1,NA,7,"Italian",4008
"549","uova",1,0.000249500998003992,7,NA,1,NA,4,"Italian",4008
"550","n'",2,0.000499001996007984,7,NA,NA,NA,2,"Italian",4008
"551","coniglietti",1,0.000249500998003992,7,NA,1,NA,11,"Italian",4008
"552","sabbia",1,0.000249500998003992,3,NA,NA,1,6,"Italian",4008
"553","piccolina",2,0.000499001996007984,4.5,NA,1,NA,9,"Italian",4008
"554","piccoline",2,0.000499001996007984,7,NA,2,NA,9,"Italian",4008
"555","formichine",1,0.000249500998003992,2,NA,1,NA,10,"Italian",4008
"556","formichina",1,0.000249500998003992,9,NA,NA,NA,10,"Italian",4008
"557","senso",1,0.000249500998003992,9,NA,1,NA,5,"Italian",4008
"558","giocando",1,0.000249500998003992,8,NA,NA,NA,8,"Italian",4008
"559","improvvisamente",1,0.000249500998003992,8,NA,NA,NA,15,"Italian",4008
"560","succede",1,0.000249500998003992,8,NA,1,NA,7,"Italian",4008
"561","dicono",1,0.000249500998003992,3,NA,1,NA,6,"Italian",4008
"562","scappano",1,0.000249500998003992,6,NA,NA,NA,8,"Italian",4008
"563","lasciano",1,0.000249500998003992,6,NA,NA,NA,8,"Italian",4008
"564","portano",1,0.000249500998003992,6,NA,NA,NA,7,"Italian",4008
"565","decidono",1,0.000249500998003992,5,NA,NA,1,8,"Italian",4008
"566","col",6,0.00149700598802395,8.83333333333333,NA,NA,NA,3,"Italian",4008
"567","trenino",1,0.000249500998003992,5,NA,1,NA,7,"Italian",4008
"568","montano",1,0.000249500998003992,4,NA,NA,NA,7,"Italian",4008
"569","binari",1,0.000249500998003992,4,NA,1,NA,6,"Italian",4008
"570","cercano",1,0.000249500998003992,7,NA,NA,NA,7,"Italian",4008
"571","vagoni",1,0.000249500998003992,7,NA,1,NA,6,"Italian",4008
"572","stazione",3,0.000748502994011976,8.66666666666667,NA,1,NA,8,"Italian",4008
"573","cassetta",2,0.000499001996007984,10.5,NA,1,NA,8,"Italian",4008
"574","vorrei",1,0.000249500998003992,14,NA,NA,NA,6,"Italian",4008
"575","cassetto",1,0.000249500998003992,14,NA,NA,NA,8,"Italian",4008
"576","cercato",1,0.000249500998003992,7,NA,NA,NA,7,"Italian",4008
"577","riparo",1,0.000249500998003992,7,NA,1,NA,6,"Italian",4008
"578","costruire",1,0.000249500998003992,11,NA,NA,NA,9,"Italian",4008
"579","ferrovia",1,0.000249500998003992,11,NA,1,NA,8,"Italian",4008
"580","trovato",1,0.000249500998003992,5,NA,NA,NA,7,"Italian",4008
"581","albero",1,0.000249500998003992,7,NA,1,NA,6,"Italian",4008
"582","bravo",2,0.000499001996007984,5,NA,1,NA,5,"Italian",4008
"583","borsetta",1,0.000249500998003992,3,NA,1,NA,8,"Italian",4008
"584","lei",1,0.000249500998003992,5,NA,NA,NA,3,"Italian",4008
"585","bigliettaio",2,0.000499001996007984,7,NA,2,NA,11,"Italian",4008
"586","macchinista",1,0.000249500998003992,9,NA,NA,NA,11,"Italian",4008
"587","ognuno",1,0.000249500998003992,10,NA,NA,1,6,"Italian",4008
"588","biglietto",3,0.000748502994011976,14,NA,NA,NA,9,"Italian",4008
"589","dato",1,0.000249500998003992,16,NA,NA,NA,4,"Italian",4008
"590","accorti",1,0.000249500998003992,9,NA,NA,NA,7,"Italian",4008
"591","bagna",4,0.000998003992015968,9.25,NA,2,NA,5,"Italian",4008
"592","guardalo",1,0.000249500998003992,7,NA,NA,NA,8,"Italian",4008
"593","poverino",3,0.000748502994011976,4.66666666666667,NA,2,NA,8,"Italian",4008
"594","allo",1,0.000249500998003992,13,NA,NA,NA,4,"Italian",4008
"595","oh",1,0.000249500998003992,5,NA,NA,1,2,"Italian",4008
"596","raffreddato",1,0.000249500998003992,5,NA,1,NA,11,"Italian",4008
"597","spogliati",1,0.000249500998003992,6,NA,1,NA,9,"Italian",4008
"598","s'",2,0.000499001996007984,6.5,NA,NA,1,2,"Italian",4008
"599","preso",2,0.000499001996007984,9.5,NA,NA,NA,5,"Italian",4008
"600","asciugarlo",2,0.000499001996007984,6,NA,1,NA,10,"Italian",4008
"601","togliergli",1,0.000249500998003992,10,NA,NA,NA,10,"Italian",4008
"602","bagni",2,0.000499001996007984,19,NA,NA,NA,5,"Italian",4008
"603","ombrello",2,0.000499001996007984,15.5,NA,1,NA,8,"Italian",4008
"604","sapone",1,0.000249500998003992,8,NA,1,NA,6,"Italian",4008
"605","pioggia",1,0.000249500998003992,6,NA,NA,NA,7,"Italian",4008
"606","rileggo",1,0.000249500998003992,5,NA,NA,NA,7,"Italian",4008
"607","dall'",1,0.000249500998003992,5,NA,NA,NA,5,"Italian",4008
"608","inizio",2,0.000499001996007984,11,NA,1,NA,6,"Italian",4008
"609","alzarmi",1,0.000249500998003992,9,NA,NA,NA,7,"Italian",4008
"610","dico",1,0.000249500998003992,10,NA,NA,NA,4,"Italian",4008
"611","ciao",2,0.000499001996007984,3.5,1,1,NA,4,"Italian",4008
"612","mangiare",4,0.000998003992015968,6.5,NA,1,NA,8,"Italian",4008
"613","valigetta",1,0.000249500998003992,5,NA,1,NA,9,"Italian",4008
"614","fammi",1,0.000249500998003992,8,NA,NA,NA,5,"Italian",4008
"615","sul",3,0.000748502994011976,8,NA,NA,NA,3,"Italian",4008
"616","fornello",1,0.000249500998003992,8,NA,NA,NA,8,"Italian",4008
"617","apriamo",1,0.000249500998003992,3,NA,NA,NA,7,"Italian",4008
"618","fornellino",1,0.000249500998003992,9,NA,NA,NA,10,"Italian",4008
"619","grossa",1,0.000249500998003992,9,NA,1,NA,6,"Italian",4008
"620","grosso",1,0.000249500998003992,1,1,NA,NA,6,"Italian",4008
"621","cuoce",1,0.000249500998003992,8,NA,NA,NA,5,"Italian",4008
"622","minestra",5,0.00124750499001996,6,NA,3,NA,8,"Italian",4008
"623","prepari",1,0.000249500998003992,8,NA,NA,NA,7,"Italian",4008
"624","tazzina",1,0.000249500998003992,2,NA,1,NA,7,"Italian",4008
"625","ormai",2,0.000499001996007984,7,NA,NA,1,5,"Italian",4008
"626","pronto",1,0.000249500998003992,5,NA,1,NA,6,"Italian",4008
"627","usiamo",1,0.000249500998003992,2,NA,NA,1,6,"Italian",4008
"628","cucchiaino",1,0.000249500998003992,3,NA,1,NA,10,"Italian",4008
"629","zucchero",2,0.000499001996007984,5.5,NA,NA,NA,8,"Italian",4008
"630","bevuto",1,0.000249500998003992,3,NA,NA,NA,6,"Italian",4008
"631","prendo",1,0.000249500998003992,11,NA,NA,NA,6,"Italian",4008
"632","dà",2,0.000499001996007984,9.5,NA,NA,NA,2,"Italian",4008
"633","fastidio",1,0.000249500998003992,11,NA,NA,NA,8,"Italian",4008
"634","tieni",1,0.000249500998003992,1,1,NA,NA,5,"Italian",4008
"635","cuocere",1,0.000249500998003992,6,NA,NA,NA,7,"Italian",4008
"636","eccola",1,0.000249500998003992,6,NA,NA,NA,6,"Italian",4008
"637","piattini",1,0.000249500998003992,4,NA,NA,NA,8,"Italian",4008
"638","piattino",1,0.000249500998003992,7,NA,NA,NA,8,"Italian",4008
"639","viola",1,0.000249500998003992,7,NA,1,NA,5,"Italian",4008
"640","davvero",1,0.000249500998003992,6,NA,1,NA,7,"Italian",4008
"641","cotta",1,0.000249500998003992,4,NA,NA,NA,5,"Italian",4008
"642","sedano",1,0.000249500998003992,4,NA,NA,NA,6,"Italian",4008
"643","patata",2,0.000499001996007984,3,NA,1,NA,6,"Italian",4008
"644","prezzemolo",1,0.000249500998003992,3,NA,1,NA,10,"Italian",4008
"645","cipolla",1,0.000249500998003992,3,NA,1,NA,7,"Italian",4008
"646","pasta",1,0.000249500998003992,2,NA,1,NA,5,"Italian",4008
"647","formaggio",1,0.000249500998003992,1,1,NA,NA,9,"Italian",4008
"648","mangio",1,0.000249500998003992,3,NA,NA,NA,6,"Italian",4008
"649","grazie",2,0.000499001996007984,2,1,1,NA,6,"Italian",4008
"650","ascolta",2,0.000499001996007984,4.5,1,NA,1,7,"Italian",4008
"651","dammi",1,0.000249500998003992,4,NA,NA,1,5,"Italian",4008
"652","aranciata",1,0.000249500998003992,4,NA,NA,NA,9,"Italian",4008
"653","buona",1,0.000249500998003992,2,NA,1,NA,5,"Italian",4008
"654","tuo",1,0.000249500998003992,3,NA,NA,NA,3,"Italian",4008
"655","amico",1,0.000249500998003992,3,NA,1,NA,5,"Italian",4008
"656","bua",2,0.000499001996007984,4.5,NA,1,NA,3,"Italian",4008
"657","dimmelo",1,0.000249500998003992,2,NA,1,NA,7,"Italian",4008
"658","chiamava",1,0.000249500998003992,8,NA,NA,NA,8,"Italian",4008
"659","dorme",1,0.000249500998003992,3,NA,NA,1,5,"Italian",4008
"660","colore",1,0.000249500998003992,14,NA,NA,NA,6,"Italian",4008
"661","pantaloncini",3,0.000748502994011976,9.33333333333333,NA,NA,NA,12,"Italian",4008
"662","figura",1,0.000249500998003992,14,NA,NA,NA,6,"Italian",4008
"663","maglietta",1,0.000249500998003992,2,NA,1,NA,9,"Italian",4008
"664","oggi",1,0.000249500998003992,8,NA,1,NA,4,"Italian",4008
"665","addosso",1,0.000249500998003992,5,NA,1,NA,7,"Italian",4008
"666","blé",2,0.000499001996007984,3,1,1,NA,3,"Italian",4008
"667","calzine",1,0.000249500998003992,6,NA,NA,NA,7,"Italian",4008
"668","bianche",1,0.000249500998003992,6,NA,NA,NA,7,"Italian",4008
"669","verdi",1,0.000249500998003992,6,NA,1,NA,5,"Italian",4008
"670","tuta",1,0.000249500998003992,5,NA,NA,NA,4,"Italian",4008
"671","verde",1,0.000249500998003992,5,NA,NA,NA,5,"Italian",4008
"672","sporcata",1,0.000249500998003992,3,NA,1,NA,8,"Italian",4008
"673","mangiata",1,0.000249500998003992,7,NA,NA,NA,8,"Italian",4008
"674","pappa",1,0.000249500998003992,7,NA,1,NA,5,"Italian",4008
"675","leggimi",2,0.000499001996007984,7,NA,NA,NA,7,"Italian",4008
"676","foglietto",1,0.000249500998003992,7,NA,1,NA,9,"Italian",4008
"677","storia",2,0.000499001996007984,8,NA,NA,NA,6,"Italian",4008
"678","volta",1,0.000249500998003992,6,NA,NA,NA,5,"Italian",4008
"679","andava",1,0.000249500998003992,3,NA,NA,1,6,"Italian",4008
"680","gattino",1,0.000249500998003992,3,NA,1,NA,7,"Italian",4008
"681","racconti",1,0.000249500998003992,4,NA,1,NA,8,"Italian",4008
"682","dovresti",2,0.000499001996007984,9,NA,NA,NA,8,"Italian",4008
"683","dire",1,0.000249500998003992,11,NA,NA,NA,4,"Italian",4008
"684","dormiva",1,0.000249500998003992,14,NA,NA,NA,7,"Italian",4008
"685","cameretta",1,0.000249500998003992,14,NA,NA,NA,9,"Italian",4008
"686","stavano",1,0.000249500998003992,4,NA,NA,NA,7,"Italian",4008
"687","dormivano",1,0.000249500998003992,13,NA,NA,NA,9,"Italian",4008
"688","alzavano",1,0.000249500998003992,13,NA,NA,NA,8,"Italian",4008
"689","facevano",1,0.000249500998003992,13,NA,NA,NA,8,"Italian",4008
"690","giocavano",1,0.000249500998003992,13,NA,NA,NA,9,"Italian",4008
"691","disegni",1,0.000249500998003992,5,NA,1,NA,7,"Italian",4008
"692","tavolo",2,0.000499001996007984,8,NA,1,NA,6,"Italian",4008
"693","matite",1,0.000249500998003992,9,NA,1,NA,6,"Italian",4008
"694","seggiola",1,0.000249500998003992,5,NA,1,NA,8,"Italian",4008
"695","guardali",1,0.000249500998003992,9,NA,NA,NA,8,"Italian",4008
"696","coi",1,0.000249500998003992,8,NA,NA,NA,3,"Italian",4008
"697","libri",2,0.000499001996007984,5.5,NA,1,NA,5,"Italian",4008
"698","scrive",1,0.000249500998003992,3,NA,NA,1,6,"Italian",4008
"699","sui",1,0.000249500998003992,3,NA,NA,NA,3,"Italian",4008
"700","vede",2,0.000499001996007984,13.5,NA,NA,NA,4,"Italian",4008
"701","leggere",1,0.000249500998003992,8,NA,NA,NA,7,"Italian",4008
"702","lumachina",1,0.000249500998003992,8,NA,1,NA,9,"Italian",4008
"703","può",2,0.000499001996007984,9.5,NA,NA,NA,3,"Italian",4008
"704","camminare",1,0.000249500998003992,9,NA,NA,NA,9,"Italian",4008
"705","giocattolo",1,0.000249500998003992,3,NA,1,NA,10,"Italian",4008
"706","potevano",1,0.000249500998003992,12,NA,NA,NA,8,"Italian",4008
"707","dare",1,0.000249500998003992,12,NA,NA,NA,4,"Italian",4008
"708","bagnava",1,0.000249500998003992,12,NA,1,NA,7,"Italian",4008
"709","mette",1,0.000249500998003992,7,NA,NA,NA,5,"Italian",4008
"710","fine",2,0.000499001996007984,10.5,NA,NA,NA,4,"Italian",4008
"711","coprirlo",1,0.000249500998003992,10,NA,1,NA,8,"Italian",4008
"712","cantano",1,0.000249500998003992,7,NA,NA,NA,7,"Italian",4008
"713","canzoncine",1,0.000249500998003992,7,NA,1,NA,10,"Italian",4008
"714","fargli",1,0.000249500998003992,7,NA,NA,NA,6,"Italian",4008
"715","nanna",4,0.000998003992015968,6.5,NA,2,NA,5,"Italian",4008
"716","cantiamo",2,0.000499001996007984,4.5,NA,NA,NA,8,"Italian",4008
"717","marmittone",1,0.000249500998003992,5,NA,1,NA,10,"Italian",4008
"718","quale",3,0.000748502994011976,6,NA,2,NA,5,"Italian",4008
"719","faceva",6,0.00149700598802395,4.5,NA,4,NA,6,"Italian",4008
"720","canzone",1,0.000249500998003992,8,NA,1,NA,7,"Italian",4008
"721","sappiamo",1,0.000249500998003992,10,NA,NA,NA,8,"Italian",4008
"722","soldati",1,0.000249500998003992,10,NA,NA,NA,7,"Italian",4008
"723","briganti",2,0.000499001996007984,7,NA,1,NA,8,"Italian",4008
"724","ricordo",1,0.000249500998003992,6,NA,1,NA,7,"Italian",4008
"725","ricordare",1,0.000249500998003992,7,NA,NA,NA,9,"Italian",4008
"726","prato",1,0.000249500998003992,5,NA,1,NA,5,"Italian",4008
"727","quindi",1,0.000249500998003992,9,NA,NA,1,6,"Italian",4008
"728","fortunato",1,0.000249500998003992,8,NA,1,NA,9,"Italian",4008
"729","averci",1,0.000249500998003992,8,NA,NA,1,6,"Italian",4008
"730","cura",2,0.000499001996007984,8.5,NA,2,NA,4,"Italian",4008
"731","ammalata",1,0.000249500998003992,9,NA,NA,NA,8,"Italian",4008
"732","medicine",1,0.000249500998003992,8,NA,1,NA,8,"Italian",4008
"733","vero",1,0.000249500998003992,5,NA,1,NA,4,"Italian",4008
"734","ohh",1,0.000249500998003992,9,NA,NA,1,3,"Italian",4008
"735","sciroppino",1,0.000249500998003992,9,NA,NA,NA,10,"Italian",4008
"736","tosse",2,0.000499001996007984,8.5,NA,2,NA,5,"Italian",4008
"737","accendiamo",1,0.000249500998003992,6,NA,NA,NA,10,"Italian",4008
"738","inventassimo",1,0.000249500998003992,11,NA,NA,NA,12,"Italian",4008
"739","begli",1,0.000249500998003992,11,NA,NA,NA,5,"Italian",4008
"740","animaletto",3,0.000748502994011976,5.66666666666667,NA,NA,NA,10,"Italian",4008
"741","tigre",1,0.000249500998003992,6,NA,1,NA,5,"Italian",4008
"742","stambecco",1,0.000249500998003992,5,NA,1,NA,9,"Italian",4008
"743","leone",3,0.000748502994011976,5,NA,3,NA,5,"Italian",4008
"744","gorilla",3,0.000748502994011976,6.66666666666667,NA,1,NA,7,"Italian",4008
"745","struzzo",1,0.000249500998003992,4,NA,1,NA,7,"Italian",4008
"746","rinoceronte",2,0.000499001996007984,3,NA,2,NA,11,"Italian",4008
"747","giraffa",3,0.000748502994011976,4,NA,1,NA,7,"Italian",4008
"748","cammello",2,0.000499001996007984,4,NA,1,NA,8,"Italian",4008
"749","gobba",1,0.000249500998003992,5,NA,1,NA,5,"Italian",4008
"750","zebra",1,0.000249500998003992,2,NA,1,NA,5,"Italian",4008
"751","caduto",1,0.000249500998003992,4,NA,1,NA,6,"Italian",4008
"752","ripreso",1,0.000249500998003992,3,NA,1,NA,7,"Italian",4008
"753","ippopotamo",1,0.000249500998003992,5,NA,1,NA,10,"Italian",4008
"754","unico",1,0.000249500998003992,10,NA,NA,NA,5,"Italian",4008
"755","scimpanzé",2,0.000499001996007984,8,NA,2,NA,9,"Italian",4008
"756","maialino",5,0.00124750499001996,9.4,NA,NA,NA,8,"Italian",4008
"757","rosa",1,0.000249500998003992,6,NA,1,NA,4,"Italian",4008
"758","maialone",1,0.000249500998003992,6,NA,NA,NA,8,"Italian",4008
"759","grande",3,0.000748502994011976,8.33333333333333,NA,2,NA,6,"Italian",4008
"760","uguali",1,0.000249500998003992,2,NA,1,NA,6,"Italian",4008
"761","piccolo",1,0.000249500998003992,8,NA,NA,NA,7,"Italian",4008
"762","mucchina",4,0.000998003992015968,9,NA,2,NA,8,"Italian",4008
"763","piccola",1,0.000249500998003992,11,NA,1,NA,7,"Italian",4008
"764","cavalli",4,0.000998003992015968,6.5,NA,3,NA,7,"Italian",4008
"765","galoppano",1,0.000249500998003992,1,1,NA,NA,9,"Italian",4008
"766","cavallino",1,0.000249500998003992,5,NA,1,NA,9,"Italian",4008
"767","costa",1,0.000249500998003992,10,NA,NA,NA,5,"Italian",4008
"768","nei",1,0.000249500998003992,6,NA,NA,NA,3,"Italian",4008
"769","campi",1,0.000249500998003992,6,NA,1,NA,5,"Italian",4008
"770","ehh",2,0.000499001996007984,4,NA,NA,2,3,"Italian",4008
"771","cavallo",2,0.000499001996007984,4.5,NA,1,NA,7,"Italian",4008
"772","capretta",3,0.000748502994011976,5.66666666666667,NA,3,NA,8,"Italian",4008
"773","bu",1,0.000249500998003992,1,1,NA,NA,2,"Italian",4008
"774","agnellino",2,0.000499001996007984,5,NA,NA,NA,9,"Italian",4008
"775","cascato",1,0.000249500998003992,4,NA,1,NA,7,"Italian",4008
"776","padrone",1,0.000249500998003992,6,NA,NA,NA,7,"Italian",4008
"777","guardia",1,0.000249500998003992,12,NA,NA,NA,7,"Italian",4008
"778","quelle",2,0.000499001996007984,12.5,NA,NA,NA,6,"Italian",4008
"779","belle",1,0.000249500998003992,12,NA,NA,NA,5,"Italian",4008
"780","bestioline",1,0.000249500998003992,12,NA,NA,NA,10,"Italian",4008
"781","finiti",1,0.000249500998003992,2,NA,1,NA,6,"Italian",4008
"782","quegli",1,0.000249500998003992,7,NA,NA,NA,6,"Italian",4008
"783","cammelli",1,0.000249500998003992,7,NA,1,NA,8,"Italian",4008
"784","mucchine",1,0.000249500998003992,7,NA,1,NA,8,"Italian",4008
"785","chissà",1,0.000249500998003992,4,NA,NA,1,6,"Italian",4008
"786","veloce",1,0.000249500998003992,4,NA,1,NA,6,"Italian",4008
"787","feroce",1,0.000249500998003992,5,NA,1,NA,6,"Italian",4008
"788","prendilo",1,0.000249500998003992,2,NA,NA,1,8,"Italian",4008
"789","avevi",1,0.000249500998003992,10,NA,NA,NA,5,"Italian",4008
"790","piaceva",1,0.000249500998003992,10,NA,1,NA,7,"Italian",4008
"791","mettili",1,0.000249500998003992,6,NA,NA,1,7,"Italian",4008
"792","tasca",1,0.000249500998003992,6,NA,1,NA,5,"Italian",4008
"793","quelli",1,0.000249500998003992,5,NA,NA,NA,6,"Italian",4008
"794","bellissima",1,0.000249500998003992,4,NA,1,NA,10,"Italian",4008
"795","foglioline",1,0.000249500998003992,10,NA,NA,NA,10,"Italian",4008
"796","cima",1,0.000249500998003992,10,NA,NA,NA,4,"Italian",4008
"797","agli",1,0.000249500998003992,10,NA,NA,NA,4,"Italian",4008
"798","fammela",1,0.000249500998003992,2,NA,NA,1,7,"Italian",4008
"799","arrivo",1,0.000249500998003992,5,NA,NA,NA,6,"Italian",4008
"800","prenderlo",1,0.000249500998003992,5,NA,1,NA,9,"Italian",4008
"801","fammelo",1,0.000249500998003992,2,NA,NA,1,7,"Italian",4008
"802","passamelo",1,0.000249500998003992,1,1,NA,NA,9,"Italian",4008
"803","braccia",5,0.00124750499001996,8,NA,1,NA,7,"Italian",4008
"804","lunghe",6,0.00149700598802395,9.66666666666667,NA,2,NA,6,"Italian",4008
"805","appoggia",1,0.000249500998003992,8,NA,NA,NA,8,"Italian",4008
"806","arrampica",2,0.000499001996007984,13,NA,NA,NA,9,"Italian",4008
"807","sugli",1,0.000249500998003992,13,NA,NA,NA,5,"Italian",4008
"808","tardi",1,0.000249500998003992,9,NA,1,NA,5,"Italian",4008
"809","mettiamoli",1,0.000249500998003992,4,NA,NA,NA,10,"Italian",4008
"810","metterli",1,0.000249500998003992,6,NA,NA,NA,8,"Italian",4008
"811","metti",2,0.000499001996007984,5.5,NA,1,NA,5,"Italian",4008
"812","primo",1,0.000249500998003992,5,NA,1,NA,5,"Italian",4008
"813","altri",1,0.000249500998003992,6,NA,NA,NA,5,"Italian",4008
