"","uni_lemma","nb_realisations","words","word_count","character_count","mean_freq","mean_mlu","mean_solo","mean_last","mean_first","mean_other"
"1","a",3,"un, una, uno",7132,2.66666666666667,0.0242543785070566,7.60603830999546,0.0133202467750981,0.0297251822770611,0.196298373527762,0.760656197420079
"2","a lot",4,"tanta, tante, tanti, tanto",504,5,0.00171399421867029,7.39771961592515,0.0396825396825397,0.186507936507937,0.123015873015873,0.650793650793651
"3","above",1,"sopra",213,5,0.000724366604318993,8.65727699530516,0.0187793427230047,0.356807511737089,0.0657276995305164,0.55868544600939
"4","after",2,"dopo, poi",2002,3.5,0.00680836592416256,7.43288685546473,0.0809190809190809,0.244255744255744,0.197302697302697,0.477522477522478
"5","again",1,"ancora",532,6,0.00180921611970753,6.57894736842105,0.101503759398496,0.206766917293233,0.133458646616541,0.558270676691729
"6","airplane",3,"aerei, aereo, aereoplano",52,6.66666666666667,0.000176840673354872,8.28,0.0384615384615385,0.576923076923077,0,0.384615384615385
"7","all",4,"tutta, tutte, tutti, tutto",1713,5,0.00582553987417106,9.47258874286885,0.0198482194979568,0.116170461179218,0.141272621132516,0.722708698190309
"8","angry",10,"arrabbi, arrabbia, arrabbiare, arrabbiarti, arrabbiata, arrabbiati, arrabbiato, arrabbiava, arrabbio, arrabiato",67,9.3,0.000227852406053392,8.4176948051948,0.0149253731343284,0.417910447761194,0,0.567164179104478
"9","animal",8,"animale, animaletti, animalettini, animaletto, animali, animalini, animalino, animaloni",275,9.125,0.000935215099472879,7.67331265133172,0.00363636363636364,0.341818181818182,0.00727272727272727,0.647272727272727
"10","another",1,"altro",505,5,0.0017173950008502,7.92079207920792,0.00198019801980198,0.255445544554455,0.00594059405940594,0.736633663366337
"11","ant",2,"formica, formiche",18,7.5,6.12140792382248e-05,7.33333333333333,0,0.555555555555556,0,0.444444444444444
"12","any",1,"niente",243,6,0.000826390069716035,7.21810699588477,0.0905349794238683,0.469135802469136,0.0699588477366255,0.37037037037037
"13","apple",2,"mela, mele",109,4,0.00037068525760925,5.66396103896103,0.055045871559633,0.577981651376147,0,0.36697247706422
"14","arm",2,"braccia, braccio",89,7,0.000302669614011222,8.54360902255639,0.0112359550561798,0.382022471910112,0,0.606741573033708
"15","at",1,"a",3780,1,0.0128549566400272,8.86296296296296,0,0,0.148677248677249,0
"16","aunt",1,"zia",145,3,0.0004931134160857,6.53103448275862,0.124137931034483,0.186206896551724,0.172413793103448,0.517241379310345
"17","away",1,"lontano",15,7,5.10117326985207e-05,6.86666666666667,0.0666666666666667,0.533333333333333,0,0.4
"18","baa baa",1,"beh",67,3,0.000227852406053392,7.95522388059702,0.0298507462686567,0.0447761194029851,0.477611940298507,0.447761194029851
"19","baby food",3,"pappa, pappe, pappo",307,5,0.00104404012922972,5.62947427293065,0.0130293159609121,0.54071661237785,0.0130293159609121,0.433224755700326
"20","babysitter",5,"tata, tataa, tate, tati, tato",367,4.2,0.00124808706002381,6.22562246675596,0.0245231607629428,0.476839237057221,0.0190735694822888,0.479564032697548
"21","bad",5,"catta, catte, cattiva, cattivi, cattivo",129,6.2,0.000438700901207277,7.58830039525692,0.0542635658914729,0.511627906976744,0.0310077519379845,0.403100775193798
"22","ball",3,"palla, pallate, palle",303,5.66666666666667,0.00103043700051012,5.57428292954609,0.0462046204620462,0.415841584158416,0.0198019801980198,0.518151815181518
"23","banana",2,"banana, banane",77,6,0.000261860227852406,5.98913043478261,0.038961038961039,0.753246753246753,0,0.207792207792208
"24","barber",2,"barba, barbie",76,5.5,0.000258459445672505,6.8235294117647,0.0263157894736842,0.592105263157895,0.0131578947368421,0.368421052631579
"25","bath",11,"bagna, bagnano, bagnare, bagnarsi, bagnata, bagnate, bagnati, bagnato, bagnava, bagni, bagno",138,6.54545454545455,0.00046930794082639,9.33319006647151,0,0.391304347826087,0,0.601449275362319
"26","bear",1,"orso",45,4,0.000153035198095562,8.02222222222222,0.0222222222222222,0.377777777777778,0,0.6
"27","bed",3,"letta, letti, letto",144,5,0.000489712633905798,6.65347721822542,0.0208333333333333,0.354166666666667,0.00694444444444444,0.618055555555556
"28","belly button",1,"ombelico",4,8,1.36031287196055e-05,5,0,0.25,0,0.75
"29","bib",2,"bavaglini, bavaglino",28,9,9.52219010372386e-05,4.64814814814815,0,0.714285714285714,0.0357142857142857,0.25
"30","bicycle",2,"bicicletta, biciclette",92,10,0.000312871960550926,6.74175824175824,0.0326086956521739,0.608695652173913,0,0.358695652173913
"31","bidet",1,"bidè",1,4,3.40078217990138e-06,10,0,1,0,0
"32","big",6,"grande, grandi, grossa, grosse, grossi, grosso",627,6,0.00213229042679816,7.5010497622882,0.0191387559808612,0.45933014354067,0.0382775119617225,0.483253588516746
"33","bird",2,"uccellini, uccellino",65,9,0.00022105084169359,6.08333333333334,0.0615384615384615,0.430769230769231,0.0153846153846154,0.492307692307692
"34","bite",6,"mordano, morde, mordere, morderlo, mordi, mordono",26,6.5,8.84203366774358e-05,5.11396011396011,0.0769230769230769,0.307692307692308,0.0769230769230769,0.538461538461538
"35","black",4,"nera, nere, neri, nero",109,4,0.000370685257609251,7.67547380156076,0.0275229357798165,0.541284403669725,0.036697247706422,0.394495412844037
"36","blanket",3,"coperta, coperte, coperto",24,7,8.1618772317633e-05,7.54761904761905,0,0.416666666666667,0,0.583333333333333
"37","block",2,"cubi, cubo",25,4,8.50195544975344e-05,5.61858974358974,0,0.8,0,0.2
"38","blow",11,"soffi, soffia, soffiarci, soffiare, soffiarsi, soffiarti, soffiate, soffiati, soffiato, soffiavi, soffio",64,7.63636363636364,0.000217650059513688,6.10244588744589,0.125,0.421875,0.125,0.328125
"39","boat",2,"barca, barche",62,5.5,0.000210848495153886,6.00350877192983,0,0.661290322580645,0.032258064516129,0.306451612903226
"40","book",8,"favola, favole, favoloso, libr, libri, libro, storia, storie",592,5.75,0.00201326305050161,10.5701437052464,0,0.331081081081081,0.00168918918918919,0.66722972972973
"41","boom",1,"bum",49,3,0.000166638326815167,5.02040816326531,0.224489795918367,0.448979591836735,0.122448979591837,0.204081632653061
"42","bottle",2,"biberon, bottiglia",51,8,0.00017343989117497,7.57239382239382,0.0588235294117647,0.431372549019608,0,0.509803921568627
"43","box",3,"scatola, scatole, scatolo",72,7,0.000244856316952899,9.03267973856209,0,0.486111111111111,0,0.513888888888889
"44","boy",3,"ragazza, ragazzi, ragazzo",16,7,5.4412514878422e-05,7.2,0,0.1875,0,0.8125
"45","bread",2,"pan, pane",95,3.5,0.00032307430709063,5.29651162790698,0.0315789473684211,0.547368421052632,0.0421052631578947,0.378947368421053
"46","break",12,"rompata, rompe, rompendo, romperà, rompere, romperla, romperle, romperlo, rompersi, rompi, rompo, rompono",147,6.91666666666667,0.000499914980445503,6.85969967532468,0,0.414965986394558,0.0272108843537415,0.557823129251701
"47","breast",1,"seno",3,4,1.02023465397041e-05,11.3333333333333,0,0,0,1
"48","broken",4,"rotta, rotte, rotti, rotto",303,5,0.00103043700051012,6.18452571063558,0.0429042904290429,0.442244224422442,0.033003300330033,0.481848184818482
"49","broom",5,"scopa, scopare, scope, scopi, scopo",19,5.4,6.46148614181262e-05,4.14285714285714,0.0526315789473684,0.473684210526316,0,0.473684210526316
"50","brother",2,"fratelli, fratello",19,8,6.46148614181261e-05,12.7083333333333,0,0.315789473684211,0.0526315789473684,0.631578947368421
"51","bucket",1,"secchiello",18,10,6.12140792382248e-05,7.16666666666667,0.166666666666667,0.333333333333333,0,0.5
"52","bunny",2,"conigli, coniglio",73,7.5,0.0002482570991328,6.66422287390029,0.0136986301369863,0.479452054794521,0.0273972602739726,0.479452054794521
"53","bus",1,"autobus",1,7,3.40078217990138e-06,4,0,1,0,0
"54","butterfly",2,"farfalla, farfalle",21,8,7.14164257779289e-05,4.41666666666667,0.0476190476190476,0.714285714285714,0.0476190476190476,0.19047619047619
"55","button",2,"bottone, bottoni",24,7,8.16187723176331e-05,8.6,0.0416666666666667,0.416666666666667,0,0.541666666666667
"56","by",1,"da",780,2,0.00265261010032307,8.59230769230769,0.0102564102564103,0.0128205128205128,0.091025641025641,0.885897435897436
"57","cake",1,"torta",45,5,0.000153035198095562,8.06666666666667,0.0222222222222222,0.444444444444444,0.0222222222222222,0.511111111111111
"58","candy",2,"caramella, caramelle",43,9,0.000146233633735759,7.96547619047619,0.0697674418604651,0.465116279069767,0,0.465116279069767
"59","cap",4,"tappa, tapparlo, tappi, tappo",119,5.75,0.000404693079408264,8.75086009174312,0.0588235294117647,0.495798319327731,0.0252100840336134,0.420168067226891
"60","car",2,"automobile, automobili",3,10,1.02023465397041e-05,13.25,0,0,0,1
"61","careful",3,"attenta, attenti, attento",180,7,0.000612140792382248,6.48236764246467,0.05,0.194444444444444,0.355555555555556,0.4
"62","carpet",1,"tappeto",45,7,0.000153035198095562,7.62222222222222,0,0.577777777777778,0,0.422222222222222
"63","carrots",2,"carota, carote",50,6,0.000170039108995069,6.4577205882353,0.12,0.4,0.06,0.42
"64","cat",3,"gatta, gatti, gatto",312,5,0.00106104404012923,7.13613749434645,0.0224358974358974,0.365384615384615,0.0224358974358974,0.58974358974359
"65","chair",13,"sedano, sede, sedere, sedermi, sedersi, sederti, sedia, sediamo, sedie, seduta, sedute, seduti, seduto",306,6,0.00104063934704982,7.28501143280785,0.00326797385620915,0.42156862745098,0.0228758169934641,0.0816993464052288
"66","cheese",1,"formaggio",14,9,4.76109505186193e-05,4.92857142857143,0.142857142857143,0.571428571428571,0,0.285714285714286
"67","chick",2,"pulcini, pulcino",55,7,0.000187043019894576,6.88111413043478,0.0181818181818182,0.563636363636364,0,0.418181818181818
"68","chicken (food)",2,"polli, pollo",23,5,7.82179901377317e-05,7.225,0,0.478260869565217,0,0.521739130434783
"69","child",8,"bambina, bambine, bambini, bambino, bimba, bimbe, bimbi, bimbo",1203,6,0.00409114096242136,8.72623894807021,0.0207813798836243,0.42477140482128,0.0166251039068994,0.537822111388196
"70","chocolate",3,"cioccolata, cioccolate, cioccolato",29,10,9.862268321714e-05,5.68148148148148,0.0344827586206897,0.586206896551724,0,0.379310344827586
"71","clean (action)",15,"pul, pulendo, puli, puliamo, pulire, pulirgli, pulirgliela, pulirti, pulisce, pulisci, pulisco, pulita, pulite, puliti, pulito",96,6.53333333333333,0.000326475089270532,6.5627997927998,0.0104166666666667,0.302083333333333,0.09375,0.489583333333333
"72","clock",1,"orologio",12,8,4.08093861588165e-05,6.58333333333333,0,0.666666666666667,0,0.333333333333333
"73","close",11,"chiude, chiudendo, chiudere, chiuderla, chiuderlo, chiudete, chiudeva, chiudi, chiudiamo, chiudo, chiudono",184,7.81818181818182,0.000625743921101853,7.56515603981021,0.103260869565217,0.347826086956522,0.201086956521739,0.347826086956522
"74","closet",1,"armadio",8,7,2.7206257439211e-05,7.5,0,0.375,0,0.625
"75","cloud",1,"nuvole",11,6,3.74086039789152e-05,7.36363636363636,0,0.818181818181818,0,0.181818181818182
"76","coat",1,"cappotto",2,8,6.80156435980275e-06,13.5,0,0,0,1
"77","cockadoodledoo",2,"coccodé, coccodè",6,7,2.04046930794083e-05,6.4,0.166666666666667,0.833333333333333,0,0
"78","cold",3,"fredda, fredde, freddo",79,6,0.000268661792212209,6.15461658841941,0.0253164556962025,0.417721518987342,0,0.556962025316456
"79","comb (action)",8,"pettina, pettinare, pettinarla, pettinata, pettinati, pettinato, pettine, pettini",55,8.375,0.000187043019894576,7.44682400932401,0,0.327272727272727,0.0545454545454545,0.454545454545455
"80","come",13,"vena, venendo, veni, veniamo, venir, venirai, venire, venite, veniva, venuta, venute, venuti, venuto",121,5.84615384615385,0.000411494643768067,8.23199629154964,0,0.107438016528926,0.00826446280991736,0.884297520661157
"81","cookie",4,"biscottata, biscotti, biscottino, biscotto",71,9,0.000241455534772998,6.12436461388074,0.0140845070422535,0.661971830985915,0,0.323943661971831
"82","couch",4,"divano, dive, diversi, diverti",83,6,0.000282264920931815,6.87614155251141,0,0.626506024096386,0.0240963855421687,0.349397590361446
"83","country",1,"campagna",11,8,3.74086039789152e-05,12.0909090909091,0,0.363636363636364,0,0.636363636363636
"84","cousin",2,"cugina, cugino",7,6,2.38054752593097e-05,5.35,0,0.428571428571429,0,0.571428571428571
"85","cover (object)",2,"coperchi, coperchio",23,8.5,7.82179901377317e-05,5.34090909090909,0,0.608695652173913,0,0.391304347826087
"86","cow",4,"mucca, mucche, mucchi, mucchio",248,6,0.000843393980615542,8.49421692826601,0.0403225806451613,0.5,0.0120967741935484,0.44758064516129
"87","cracker",1,"cracker",6,7,2.04046930794083e-05,9,0.166666666666667,0.166666666666667,0,0.666666666666667
"88","crib",1,"culla",7,5,2.38054752593096e-05,7.71428571428571,0,0.857142857142857,0,0.142857142857143
"89","crocodile",1,"coccodrillo",17,11,5.78132970583234e-05,5.23529411764706,0.117647058823529,0.470588235294118,0,0.411764705882353
"90","cry",10,"pianga, piange, piangendo, piangerá, piangere, piangeva, piangevano, piangevi, piangi, piango",202,7.5,0.000686958000340078,7.43254161894803,0.0643564356435644,0.475247524752475,0.0643564356435644,0.396039603960396
"91","cup",2,"tazza, tazze",17,5,5.78132970583235e-05,4.85,0.0588235294117647,0.411764705882353,0,0.529411764705882
"92","cut it out",3,"basta, bastano, basto",234,5.66666666666667,0.000795783030096923,7.29089574155653,0.132478632478632,0.222222222222222,0.307692307692308,0.337606837606838
"93","cute",4,"carina, carine, carini, carino",12,6,4.08093861588165e-05,4.5,0.0833333333333333,0.416666666666667,0.0833333333333333,0.416666666666667
"94","daddy",6,"papa, papá, papà, pape, papere, papi",398,4.33333333333333,0.00135351130760075,5.36325582135638,0.0201005025125628,0.439698492462312,0.0804020100502513,0.459798994974874
"95","dance",9,"balla, ballando, ballano, ballare, ballarlo, ballato, balle, balli, ballo",39,6.33333333333333,0.000132630505016154,7.16358024691358,0.102564102564103,0.282051282051282,0.153846153846154,0.461538461538462
"96","dark",2,"buia, buio",29,4,9.86226832171399e-05,6.96813725490196,0,0.344827586206897,0.0689655172413793,0.586206896551724
"97","diaper",2,"pannolini, pannolino",18,9,6.12140792382248e-05,9.625,0,0.555555555555556,0,0.444444444444444
"98","dirty",12,"sporca, sporcano, sporcare, sporcarsi, sporcarti, sporcata, sporcato, sporcava, sporche, sporcheresti, sporchi, sporco",82,8,0.000278864138751913,10.349083196497,0.024390243902439,0.426829268292683,0.024390243902439,0.524390243902439
"99","dish",3,"piatta, piatti, piatto",98,6,0.000333276653630335,6.31697612732095,0.0408163265306122,0.581632653061224,0.0306122448979592,0.346938775510204
"100","doctor",1,"dottore",23,7,7.82179901377317e-05,9.52173913043478,0,0.478260869565217,0.0434782608695652,0.478260869565217
"101","dog",3,"can, cane, cani",300,3.66666666666667,0.00102023465397041,7.91191268960414,0.0366666666666667,0.446666666666667,0.02,0.496666666666667
"102","doll",2,"bambola, bambole",107,7,0.000363883693249447,6.72119815668202,0,0.560747663551402,0,0.439252336448598
"103","donkey",3,"asinelli, asinello, asino",24,7,8.16187723176331e-05,7.37321937321937,0.0416666666666667,0.5,0,0.458333333333333
"104","door",28,"port, porta, portai, portando, portano, portar, portare, portargli, portarla, portarle, portarli, portarlo, portartela, portarti, portata, portate, portati, portato, portava, portavano, portavi, porte, porterà, porteranno, porti, portiamo, portiere, porto",595,7.17857142857143,0.00202346539704132,9.02282713016336,0.00168067226890756,0.226890756302521,0.0285714285714286,0.742857142857143
"105","down",1,"giù",158,3,0.000537323584424418,6.64556962025316,0.0379746835443038,0.468354430379747,0.0443037974683544,0.449367088607595
"106","drawer",4,"cassetta, cassette, cassetti, cassetto",20,8,6.80156435980275e-05,11.5208333333333,0.05,0.1,0,0.85
"107","dress (object)",10,"vesta, veste, vestendo, vesti, vestiamo, vestire, vestirsi, vestita, vestiti, vestito",98,6.7,0.000333276653630335,8.55868686868687,0.0102040816326531,0.214285714285714,0.0204081632653061,0.755102040816326
"108","drink (action)",1,"bere",69,4,0.000234653970413195,6.69565217391304,0.0144927536231884,0.449275362318841,0.0434782608695652,0.492753623188406
"109","dry (description)",3,"asciutta, asciutti, asciutto",5,8,1.70039108995069e-05,5.22222222222222,0,0.6,0,0.4
"110","duck",2,"papera, papero",35,6,0.000119027376296548,6.55882352941176,0.0285714285714286,0.6,0,0.371428571428571
"111","dump",14,"butta, buttando, buttano, buttar, buttare, buttarli, buttarsi, buttata, buttati, buttato, butterò, butti, buttiamo, butto",151,6.78571428571429,0.000513518109165108,7.5557036764549,0.00662251655629139,0.0860927152317881,0.0860927152317881,0.821192052980132
"112","ear",4,"orecchi, orecchia, orecchie, orecchio",70,7.75,0.000238054752593097,7.55747863247863,0.0428571428571429,0.428571428571429,0.0142857142857143,0.514285714285714
"113","earth",1,"terra",161,5,0.000547525930964122,8.18633540372671,0,0.509316770186335,0,0.490683229813665
"114","eat",25,"mangerà, mangerai, mangi, mangia, mangiamo, mangiando, mangiano, mangiar, mangiare, mangiargliela, mangiarle, mangiarli, mangiarlo, mangiarmi, mangiarono, mangiarti, mangiata, mangiate, mangiati, mangiato, mangiava, mangiavano, mangiavi, mangio, mangiò",969,8.16,0.00329535793232444,7.24451776942644,0.0154798761609907,0.304437564499484,0.0619195046439628,0.618163054695562
"115","egg",2,"uova, uovo",68,4,0.000231253188233293,6.85929108485499,0.0147058823529412,0.573529411764706,0,0.411764705882353
"116","elephant",2,"elefante, elefanti",82,8,0.000278864138751912,5.02142857142857,0.024390243902439,0.621951219512195,0,0.353658536585366
"117","empty",6,"vuota, vuotare, vuotato, vuoti, vuotiamo, vuoto",32,6.16666666666667,0.000108825029756844,6.30664488017429,0.03125,0.5,0.03125,0.4375
"118","eye",3,"occhi, occhiata, occhio",140,6.33333333333333,0.000476109505186193,9.44262119262119,0.00714285714285714,0.435714285714286,0.0357142857142857,0.521428571428571
"119","face",9,"facce, faccende, faccendo, faccevi, facci, faccia, facciamo, facciano, faccio",731,6.77777777777778,0.0024859717735079,8.31905479662443,0,0.168262653898769,0.173734610123119,0.658002735978112
"120","fall",14,"cad, cada, cade, cadendo, cadere, cadeva, cadi, cadiamo, cado, cadono, caduta, cadute, caduti, caduto",252,5.35714285714286,0.000856997109335147,6.82364459467496,0.0436507936507936,0.408730158730159,0.0873015873015873,0.46031746031746
"121","fawn",1,"cerbiatto",1,9,3.40078217990138e-06,3,0,0,1,0
"122","feet",2,"piede, piedi",199,5,0.000676755653800374,7.40094339622642,0.0100502512562814,0.482412060301508,0.0050251256281407,0.50251256281407
"123","finger",3,"dita, diti, dito",74,4,0.000251657881312702,12.0374649859944,0.0135135135135135,0.324324324324324,0.0135135135135135,0.648648648648649
"124","finish",17,"fin, fina, fine, finendo, finiamo, finirai, finire, finirla, finisca, finisce, finisci, finisco, finita, finite, finiti, finito, fino",423,5.94117647058824,0.00143853086209828,9.36755944608398,0,0.373522458628842,0.066193853427896,0.174940898345154
"125","fish (animal)",2,"pesciolini, pesciolino",25,10,8.50195544975345e-05,6.625,0.12,0.48,0,0.4
"126","flower",2,"fiore, fiori",119,5,0.000404693079408263,6.9765306122449,0.0252100840336134,0.436974789915966,0.0168067226890756,0.521008403361345
"127","fly (action)",23,"vol, vola, volando, volano, volare, volasse, volata, volato, volavano, vole, volendo, volendotelo, volere, volete, voleva, volevamo, volevano, volevi, volevo, volo, voluta, voluti, voluto",211,6.21739130434783,0.000717565039959191,8.25029658859284,0.014218009478673,0.218009478672986,0.118483412322275,0.649289099526066
"128","fly (animal)",2,"mosca, mosche",12,5.5,4.08093861588165e-05,8.55555555555554,0,0.583333333333333,0,0.416666666666667
"129","for",5,"per, pera, pere, pero, però",1282,3.8,0.00435980275463356,7.43003984136059,0.00078003120124805,0.0530421216848674,0.170046801872075,0.0031201248049922
"130","fork",2,"forchetta, forchette",25,9,8.50195544975345e-05,5.91666666666667,0.04,0.68,0,0.28
"131","frog",2,"rana, rane",24,4,8.16187723176331e-05,5.15,0.0416666666666667,0.5,0,0.458333333333333
"132","full",3,"piena, piene, pieno",27,5,9.18211188573372e-05,9.2,0,0.185185185185185,0.111111111111111,0.703703703703704
"133","garage",1,"garage",18,6,6.12140792382248e-05,6.88888888888889,0,0.555555555555556,0,0.444444444444444
"134","garden",1,"giardino",38,8,0.000129229722836252,9.60526315789474,0,0.605263157894737,0,0.394736842105263
"135","giraffe",2,"giraffa, giraffe",28,7,9.52219010372385e-05,5.8,0.0714285714285714,0.571428571428571,0.0357142857142857,0.321428571428571
"136","give",7,"dar, darà, darano, dare, darei, dario, darò",90,4.42857142857143,0.000306070396191124,11.7779872818693,0,0.2,0.0222222222222222,0.777777777777778
"137","glass",6,"bicchere, bicchie, bicchiere, bicchierini, bicchierino, bichiere",78,9,0.000265261010032308,4.90580808080808,0.0256410256410256,0.564102564102564,0.0256410256410256,0.384615384615385
"138","glasses",1,"occhiali",37,8,0.000125828940656351,7.75675675675676,0.027027027027027,0.675675675675676,0,0.297297297297297
"139","gloves",2,"guanti, guanto",9,6,3.06070396191123e-05,5.96428571428572,0,0.333333333333333,0.111111111111111,0.555555555555556
"140","go",17,"andando, andar, andare, andarono, andasse, andassi, andata, andate, andati, andato, andava, andavamo, andavano, andavi, andiamo, andrebbe, andremo",885,6.70588235294118,0.00300969222921272,12.4578743465244,0.0101694915254237,0.177401129943503,0.0824858757062147,0.729943502824859
"141","go out",2,"uscirà, uscire",14,6,4.76109505186193e-05,6.3076923076923,0,0.571428571428571,0,0.428571428571429
"142","go potty",4,"pipà, pipi, pipì, pipo",79,4,0.000268661792212209,4.85187969924812,0.0886075949367089,0.594936708860759,0.0126582278481013,0.30379746835443
"143","go-ahead",1,"via",695,3,0.00236354361503146,6.95107913669065,0.037410071942446,0.40431654676259,0.146762589928058,0.411510791366906
"144","goat",2,"capra, capri",19,5,6.46148614181262e-05,7.18333333333334,0,0.631578947368421,0,0.368421052631579
"145","good",5,"buon, buona, buone, buoni, buono",237,4.8,0.000805985376636627,6.56264779596049,0.0421940928270042,0.417721518987342,0.0843881856540084,0.455696202531646
"146","good boy/girl",3,"brava, bravi, bravo",681,5,0.00231593266451284,5.97699346405229,0.268722466960352,0.348017621145374,0.177679882525697,0.205580029368576
"147","good night",2,"buonanotte, buongiorno",12,10,4.08093861588165e-05,1.75,0.5,0.0833333333333333,0.416666666666667,0
"148","goose",1,"oca",44,3,0.000149634415915661,6,0.0681818181818182,0.477272727272727,0,0.454545454545455
"149","grandma",3,"nonna, nonni, nonno",486,5,0.00165278013943207,6.95839761987071,0,0.378600823045267,0.0555555555555556,0.0205761316872428
"150","grapes",1,"uva",39,3,0.000132630505016154,8.82051282051282,0,0.641025641025641,0.0512820512820513,0.307692307692308
"151","greet",5,"salutando, salutano, salutare, salutato, salutava",10,8.2,3.40078217990138e-05,13.24,0,0.4,0,0.6
"152","hair",2,"capelli, capello",130,7,0.000442101683387179,5.671875,0.0230769230769231,0.4,0,0.576923076923077
"153","hammer",4,"martellare, martellata, martelli, martello",13,9,4.42101683387179e-05,9.81944444444444,0,0.384615384615385,0,0.615384615384615
"154","hand",5,"man, mani, mania, mano, manò",301,4,0.00102363543615031,8.46107896949018,0.0132890365448505,0.441860465116279,0.00664451827242525,0.538205980066445
"155","happy",5,"contenta, contenti, contento, felice, felici",58,7.2,0.00019724536643428,8.97400527009222,0,0.482758620689655,0,0.517241379310345
"156","hard",5,"dura, durato, dure, duri, duro",34,4.4,0.000115626594116647,6.77435897435897,0,0.411764705882353,0.0294117647058824,0.558823529411765
"157","hat",2,"cappelli, cappello",50,8,0.000170039108995069,5.67708333333333,0.02,0.56,0.06,0.36
"158","he",1,"lui",353,3,0.00120047610950519,9.91218130311615,0.0113314447592068,0.257790368271955,0.13314447592068,0.597733711048159
"159","head",4,"testa, testata, testate, teste",189,6,0.000642747832001361,7.5027027027027,0,0.455026455026455,0,0.544973544973545
"160","hear",15,"sente, senti, sentiamo, sentirà, sentire, sentirla, sentirlo, sentirono, sentita, sentito, sentiva, sentivano, sentivi, sento, sentono",740,7.06666666666667,0.00251657881312702,11.2757749225437,0.0459459459459459,0.118918918918919,0.505405405405405,0.32972972972973
"161","heavy",2,"pesante, pesanti",13,7,4.42101683387179e-05,10.7,0,0.0769230769230769,0.0769230769230769,0.846153846153846
"162","hen",2,"gallina, galline",79,7,0.000268661792212209,7.52379310344828,0.0379746835443038,0.531645569620253,0,0.430379746835443
"163","hi",2,"cia, ciao",163,3.5,0.000554327495323925,4.92278481012658,0.251533742331288,0.202453987730061,0.361963190184049,0.184049079754601
"164","high",4,"alta, alte, alti, alto",89,4,0.000302669614011222,10.9255952380952,0.0112359550561798,0.471910112359551,0.0561797752808989,0.460674157303371
"165","high chair",1,"seggiolone",18,10,6.12140792382248e-05,5.55555555555556,0.111111111111111,0.611111111111111,0.0555555555555556,0.222222222222222
"166","hippopotamus",2,"ippopotami, ippopotamo",19,10,6.46148614181262e-05,4.80555555555556,0.0526315789473684,0.631578947368421,0.0526315789473684,0.263157894736842
"167","his",2,"suo, suoi",125,3.5,0.000425097772487672,10.7011088709677,0,0.072,0,0.928
"168","home",3,"casa, case, caso",318,4,0.00108144873320864,8.46621621621622,0.00943396226415094,0.411949685534591,0.0125786163522013,0.566037735849057
"169","honey",1,"miele",4,5,1.36031287196055e-05,16.75,0,0.5,0,0.5
"170","horse",3,"cavalla, cavalli, cavallo",352,7,0.00119707532732529,6.73617799179597,0.0255681818181818,0.477272727272727,0.0142045454545455,0.482954545454545
"171","hot",2,"calda, caldo",37,5,0.000125828940656351,9.22435897435897,0.027027027027027,0.513513513513513,0,0.459459459459459
"172","hug",6,"abbracci, abbraccia, abbraccialo, abbracciano, abbracciarlo, abbracciati",19,10.3333333333333,6.46148614181261e-05,4.44027777777778,0.105263157894737,0.368421052631579,0,0.526315789473684
"173","i",1,"io",1077,2,0.00366264240775378,8.34911792014856,0.0176415970287837,0.228412256267409,0.214484679665738,0.539461467038069
"174","ice cream",2,"gelati, gelato",85,6,0.000289066485291617,6.57875457875458,0.0352941176470588,0.682352941176471,0,0.282352941176471
"175","in",1,"in",1421,2,0.00483251147763986,9.05418719211823,0.00211118930330753,0.00351864883884588,0.122448979591837,0.87192118226601
"176","inside",1,"dentro",777,6,0.00264240775378337,8.1003861003861,0.0231660231660232,0.378378378378378,0.0630630630630631,0.535392535392535
"177","jacket",1,"giacca",5,6,1.70039108995069e-05,4.8,0,0.4,0,0.6
"178","jump",13,"salta, saltà, saltando, saltano, saltare, saltarle, saltata, saltate, saltato, salterai, salti, saltiamo, salto",129,6.69230769230769,0.000438700901207278,7.7942732208225,0.0310077519379845,0.201550387596899,0.0465116279069767,0.720930232558139
"179","keys",1,"chiave",9,6,3.06070396191124e-05,5.33333333333333,0,0.222222222222222,0,0.777777777777778
"180","kindergarten",1,"asilo",71,5,0.000241455534772998,7.88732394366197,0,0.47887323943662,0,0.52112676056338
"181","kiss",9,"baci, bacia, baciando, baciare, baciarsi, bacini, bacino, bacio, baco",112,5.88888888888889,0.000380887604148954,6.63386243386243,0.0267857142857143,0.455357142857143,0.00892857142857143,0.508928571428571
"182","kitchen",8,"cucina, cucinando, cucinare, cucinata, cucinato, cucine, cucini, cuciniamo",70,7.5,0.000238054752593097,7.26634615384615,0,0.471428571428571,0.0428571428571429,0.485714285714286
"183","knife",1,"coltello",19,8,6.46148614181262e-05,4.84210526315789,0.105263157894737,0.631578947368421,0.0526315789473684,0.210526315789474
"184","late",1,"tardi",18,5,6.12140792382248e-05,11.8333333333333,0,0.388888888888889,0,0.611111111111111
"185","laugh",9,"ridato, ride, ridendo, ridere, rideva, ridi, ridire, ridò, ridono",44,5.44444444444444,0.000149634415915661,7.57003367003367,0.181818181818182,0.318181818181818,0.0227272727272727,0.477272727272727
"186","lawn",2,"prati, prato",20,5,6.80156435980275e-05,10,0,0.5,0,0.5
"187","leg",4,"gamba, gambe, gambi, gambo",46,5,0.000156435980275463,8.34656084656084,0.0217391304347826,0.41304347826087,0,0.565217391304348
"188","lick",3,"lecca, lecchi, lecco",11,5.33333333333333,3.74086039789151e-05,7,0,0.636363636363636,0.181818181818182,0.181818181818182
"189","light (object)",4,"luca, luce, luci, lucia",172,4.25,0.000584934534943037,6.91807181889149,0.0174418604651163,0.453488372093023,0.0697674418604651,0.459302325581395
"190","lion",2,"leone, leoni",100,5,0.000340078217990137,7.56471306471307,0.02,0.59,0,0.39
"191","little (amount)",2,"poca, poco",55,4,0.000187043019894575,7.78231292517007,0,0.345454545454545,0.0181818181818182,0.636363636363636
"192","little (description)",4,"piccola, piccole, piccoli, piccolo",251,7,0.000853596327155245,8.61896578782172,0.0159362549800797,0.466135458167331,0.0239043824701195,0.49402390438247
"193","living room",1,"salotto",1,7,3.40078217990138e-06,8,0,0,0,1
"194","loud",2,"forte, forti",145,5,0.000493113416085699,5.76388888888889,0.0344827586206897,0.503448275862069,0.0344827586206897,0.427586206896552
"195","make",7,"far, fará, farà, fare, fari, faro, farò",856,3.85714285714286,0.00291106954599558,7.06429983278404,0,0.233644859813084,0.0058411214953271,0.760514018691589
"196","me",2,"me, mi",1377,2,0.00468287706172419,8.60186123179705,0.00363108206245461,0.084241103848947,0.232389251997095,0.679738562091503
"197","meat",1,"carne",12,5,4.08093861588165e-05,7.83333333333333,0,0.416666666666667,0,0.583333333333333
"198","meow",2,"mia, miao",225,3.5,0.00076517599047781,5.72160243407708,0.0266666666666667,0.382222222222222,0.0266666666666667,0.564444444444444
"199","milk",2,"latta, latte",163,5,0.000554327495323925,7,0.0122699386503067,0.570552147239264,0.00613496932515337,0.411042944785276
"200","mirror",1,"specchio",6,8,2.04046930794083e-05,10,0,0.666666666666667,0,0.333333333333333
"201","mommy",3,"mamma, mamme, mammite",1464,5.66666666666667,0.00497874511137562,7.70718864468864,0.0184426229508197,0.338114754098361,0.120218579234973,0.523224043715847
"202","money",2,"soldati, soldi",16,6,5.4412514878422e-05,9.32142857142857,0,0.375,0,0.625
"203","monkey",2,"scimmia, scimmie",70,7,0.000238054752593097,5.52121212121212,0.0428571428571429,0.442857142857143,0.0142857142857143,0.5
"204","moo",1,"muh",6,3,2.04046930794083e-05,6.66666666666667,0.333333333333333,0.333333333333333,0,0.333333333333333
"205","moon",1,"luna",52,4,0.000176840673354872,5.73076923076923,0.0192307692307692,0.576923076923077,0,0.403846153846154
"206","morning",3,"mattina, mattine, mattino",41,7,0.000139432069375956,9.85858585858585,0,0.48780487804878,0,0.51219512195122
"207","mosquito",2,"zanzara, zanzare",15,7,5.10117326985206e-05,6.21428571428572,0.133333333333333,0.4,0,0.466666666666667
"208","motorcycle",1,"motocicletta",2,12,6.80156435980275e-06,4,0,0.5,0,0.5
"209","mountain",2,"montagna, montagne",40,8,0.000136031287196056,7.70833333333333,0,0.6,0,0.4
"210","mouse",2,"topi, topo",65,4,0.000221050841693589,8.42514124293785,0,0.369230769230769,0.0769230769230769,0.553846153846154
"211","mouth",3,"bocca, boccia, bocciata",169,6.33333333333333,0.000574732188403333,10.3534136546185,0.00591715976331361,0.49112426035503,0.0118343195266272,0.49112426035503
"212","much",3,"molta, molti, molto",84,5,0.000285665703111716,5.21138211382114,0,0.0357142857142857,0.202380952380952,0.761904761904762
"213","music",2,"musica, musicisti",31,7.5,0.000105424247576943,10.6203703703704,0,0.580645161290323,0,0.419354838709677
"214","my",1,"mio",59,3,0.000200646148614181,6.50847457627119,0.0169491525423729,0.338983050847458,0.0169491525423729,0.627118644067797
"215","nap",4,"nanna, nanne, nanni, nanno",295,5,0.00100323074307091,5.78585946573751,0.0271186440677966,0.522033898305085,0.0372881355932203,0.413559322033898
"216","naughty",1,"disubbidiente",1,13,3.40078217990138e-06,5,0,1,0,0
"217","necklace",1,"collana",5,7,1.70039108995069e-05,5.4,0,0.6,0,0.4
"218","new",4,"nuova, nuove, nuovi, nuovo",155,5,0.000527121237884713,6.42903205128205,0,0.593548387096774,0,0.406451612903226
"219","nice",13,"bell, bella, belle, belli, bellina, belline, bellini, bellino, bellissima, bellissime, bellissimi, bellissimo, bello",883,7.07692307692308,0.00300289066485292,6.18538237398064,0.0747451868629672,0.353340883352208,0.10872027180068,0.463193657984145
"220","night",2,"notte, notto",33,5,0.000112225811936745,5.921875,0.0303030303030303,0.484848484848485,0.0303030303030303,0.454545454545455
"221","no",1,"no",3003,2,0.0102125488862438,5.92940392940393,0.174492174492174,0.23043623043623,0.447885447885448,0.147186147186147
"222","no more",1,"più",587,3,0.00199625913960211,8.66439522998296,0.00681431005110733,0.212947189097104,0.0477001703577513,0.732538330494037
"223","none",3,"nessun, nessuna, nessuno",42,6.66666666666667,0.000142832851555858,8.02430555555556,0,0.30952380952381,0,0.69047619047619
"224","nose",2,"nasi, naso",106,4,0.000360482911069546,8.41826923076923,0.0283018867924528,0.443396226415094,0,0.528301886792453
"225","now",2,"adesso, ora",1500,4.5,0.00510117326985207,8.72208019762164,0.012,0.164666666666667,0.337333333333333,0.486
"226","of",1,"di",2544,2,0.0086515898656691,9.04599056603774,0.00196540880503145,0.0137578616352201,0.106918238993711,0.877358490566038
"227","open",16,"aprano, apre, apri, apri', apriamo, apriamolo, aprila, aprile, aprilo, aprimi, aprirli, aprirlo, aprite, apriva, apro, aprono",279,5.9375,0.000948818228192485,8.01359793184601,0.0716845878136201,0.261648745519713,0.240143369175627,0.426523297491039
"228","open (action)",4,"aprirà, aprire, apriri, aprirono",71,6.5,0.000241455534772998,8.60661764705882,0.0422535211267606,0.394366197183099,0.028169014084507,0.535211267605634
"229","orange (food)",4,"arancia, aranciata, arancie, arancio",19,7.5,6.46148614181263e-05,6.125,0.0526315789473684,0.578947368421053,0.0526315789473684,0.315789473684211
"230","other",4,"altr', altra, altre, altri",472,5,0.00160516918891345,7.97312604249154,0.00211864406779661,0.167372881355932,0.0190677966101695,0.811440677966102
"231","owie",1,"bua",70,3,0.000238054752593096,7.5,0,0.585714285714286,0.0142857142857143,0.4
"232","pacifier",5,"ciucci, ciuccia, ciucciare, ciucciato, ciuccio",95,7.6,0.00032307430709063,7.28584415584415,0.0315789473684211,0.421052631578947,0.0526315789473684,0.494736842105263
"233","pajamas",1,"pigiama",12,7,4.08093861588165e-05,7.16666666666667,0,0.666666666666667,0,0.333333333333333
"234","pants",1,"pantaloni",22,9,7.48172079578303e-05,8.18181818181818,0,0.409090909090909,0,0.590909090909091
"235","paper",3,"giornalate, giornale, giornali",17,8.66666666666667,5.78132970583234e-05,7.88888888888889,0,0.411764705882353,0,0.588235294117647
"236","pasta",2,"pasta, pastare",16,6,5.44125148784221e-05,5.2,0,0.625,0,0.375
"237","peach",10,"pesca, pescando, pescare, pescarli, pescato, pesce, pesche, peschi, pesci, pescio",108,6.3,0.000367284475429349,8.951,0.0277777777777778,0.518518518518518,0.037037037037037,0.416666666666667
"238","pen/pencil",4,"matita, matite, penna, penne",112,5.5,0.000380887604148954,7.83250479679051,0,0.428571428571429,0.00892857142857143,0.5625
"239","penguin",2,"pinguini, pinguino",12,8,4.08093861588165e-05,4.5,0.0833333333333333,0.333333333333333,0.0833333333333333,0.5
"240","people",2,"persona, persone",18,7,6.12140792382247e-05,15,0,0.611111111111111,0,0.388888888888889
"241","pig",3,"maiala, maiale, maiali",50,6,0.000170039108995069,4.60110294117647,0.1,0.54,0.08,0.28
"242","pillow",2,"cuscini, cuscino",22,7,7.48172079578303e-05,9.61904761904762,0,0.727272727272727,0,0.272727272727273
"243","plant",6,"pianta, piantarlo, piantato, piante, pianti, pianto",13,6.83333333333333,4.42101683387179e-05,11.2666666666667,0,0.538461538461538,0,0.461538461538462
"244","play",14,"gioca, giocando, giocano, giocar, giocarci, giocare, giocate, giocato, giocavano, giocavi, giocherai, giochi, giochiamo, gioco",635,7.14285714285714,0.00215949668423737,7.77757746586818,0.0283464566929134,0.288188976377953,0.0724409448818898,0.611023622047244
"245","police",2,"vigile, vigili",13,6,4.42101683387179e-05,7.625,0,0.307692307692308,0.153846153846154,0.538461538461538
"246","porch",2,"terrazza, terrazzo",11,8,3.74086039789152e-05,8,0,0.727272727272727,0,0.272727272727273
"247","pot",3,"pentola, pentole, pentolo",54,7,0.000183642237714674,4.81746031746032,0.0555555555555556,0.666666666666667,0.037037037037037,0.240740740740741
"248","potato",2,"patata, patate",17,6,5.78132970583235e-05,6.31060606060606,0.0588235294117647,0.352941176470588,0,0.588235294117647
"249","potty",1,"vasino",16,6,5.4412514878422e-05,7.8125,0.0625,0.6875,0,0.25
"250","pull",21,"tira, tirando, tirano, tirar, tirare, tirarla, tirarle, tirarli, tirarlo, tirarmela, tirarmi, tirata, tirate, tirati, tirato, tirava, tiravano, tirerai, tiri, tiriamo, tiro",335,6.28571428571429,0.00113926203026696,7.73293726464041,0.0238805970149254,0.158208955223881,0.140298507462687,0.677611940298507
"251","push",7,"spinge, spingere, spingerlo, spingerti, spingeva, spingi, spingo",47,7.42857142857143,0.000159836762455365,6.52996894409938,0.148936170212766,0.361702127659574,0.148936170212766,0.340425531914894
"252","put",27,"mett, metta, mettano, mette, mettendo, metterai, mettercele, metterci, mettere, metterei, mettergli, metterla, metterle, metterli, metterlo, metterne, mettersi, metterteli, metterti, mettete, metteva, mettevi, metti, mettiamo, mettiti, metto, mettono",1811,7.33333333333333,0.0061588165278014,9.79417351045097,0.00220872446162341,0.134180011043622,0.111540585311982,0.752070679182772
"253","put out",5,"spegne, spegnere, spegnerla, spegni, spegniamo",10,7.6,3.40078217990138e-05,5.4,0,0.5,0,0.5
"254","quack quack",1,"qua",1664,3,0.00565890154735589,6.80649038461539,0.0222355769230769,0.3671875,0.0991586538461538,0.511418269230769
"255","rain",1,"pioggia",12,7,4.08093861588165e-05,9,0,0.25,0,0.75
"256","read",17,"legga, legge, leggendo, leggere, leggerei, leggerla, leggerle, leggerli, leggerlo, leggertelo, leggerti, leggevamo, leggevi, leggi, leggiamo, leggio, leggo",186,7.23529411764706,0.000632545485461656,8.95302159180073,0.032258064516129,0.263440860215054,0.118279569892473,0.586021505376344
"257","red",4,"rossa, rosse, rossi, rosso",324,5,0.00110185342628805,7.05159551885177,0.0524691358024691,0.509259259259259,0.0339506172839506,0.404320987654321
"258","refrigerator",1,"frigorifero",32,11,0.000108825029756844,7.90625,0,0.5625,0,0.4375
"259","rice",2,"risata, riso",7,5,2.38054752593097e-05,7.41666666666667,0,0.428571428571429,0,0.571428571428571
"260","room",2,"camera, cameriere",21,7.5,7.1416425777929e-05,12.6578947368421,0,0.333333333333333,0,0.666666666666667
"261","rooster",2,"galli, gallo",28,5,9.52219010372386e-05,3.0576923076923,0.142857142857143,0.357142857142857,0,0.5
"262","run",8,"corre, correndo, correre, correva, correvano, correvi, corri, corrono",87,6.875,0.00029586804965142,9.24550288865546,0.0229885057471264,0.367816091954023,0.0229885057471264,0.586206896551724
"263","sad",2,"triste, tristi",13,6,4.4210168338718e-05,8.40909090909091,0,0.461538461538462,0,0.538461538461538
"264","sauce",2,"sugar, sugo",5,4.5,1.70039108995069e-05,7.16666666666667,0,0.4,0,0.6
"265","say",4,"dirá, dirà, dire, direi",221,4.25,0.000751572861758204,7.20315398886827,0,0.280542986425339,0.0135746606334842,0.705882352941177
"266","scarf",1,"sciarpa",4,7,1.36031287196055e-05,5.25,0,0.5,0,0.5
"267","scissors",2,"forbice, forbici",11,7,3.74086039789151e-05,6.20833333333333,0,0.545454545454545,0,0.454545454545455
"268","sea",7,"mar, mare, marea, maria, mario, marito, maro",209,4.57142857142857,0.000710763475599387,6.1864463176575,0.0143540669856459,0.559808612440191,0.0239234449760766,0.401913875598086
"269","see",19,"ved, veda, vede, vedé, vedendo, vedere, vederla, vederle, vederli, vederlo, vedete, vedeva, vedevamo, vedevano, vedevi, vedi, vediamo, vedo, vedono",2359,5.84210526315789,0.00802244516238735,7.16618061670982,0.0521407376006783,0.230606189063162,0.191606612971598,0.525646460364561
"270","seek",21,"cerca, cercando, cercano, cercare, cercarla, cercarle, cercarli, cercarlo, cercarne, cercarono, cercati, cercato, cercava, cercavi, cercavo, cercheranno, cercheremo, cerchi, cerchiamo, cerchio, cerco",279,7.57142857142857,0.000948818228192485,7.74980253978276,0.00716845878136201,0.297491039426523,0.118279569892473,0.577060931899642
"271","she",1,"lei",221,3,0.000751572861758204,8.80995475113122,0.00452488687782805,0.266968325791855,0.108597285067873,0.619909502262443
"272","sheep",2,"pecora, pecore",63,6,0.000214249277333787,5.75760649087221,0.0793650793650794,0.53968253968254,0,0.380952380952381
"273","shh",5,"sch, zitta, zitte, zitti, zitto",32,4.6,0.000108825029756844,8.53739130434783,0.15625,0.4375,0.15625,0.25
"274","shoe",3,"scarp, scarpa, scarpe",169,5.66666666666667,0.000574732188403332,5.32213188798555,0.0118343195266272,0.502958579881657,0.00591715976331361,0.479289940828402
"275","shower",1,"doccia",21,6,7.14164257779289e-05,8.52380952380952,0,0.428571428571429,0,0.571428571428571
"276","sick",5,"mal, malata, malati, malato, male",224,5,0.000761775208297908,8.05357575757577,0.00892857142857143,0.495535714285714,0.00446428571428571,0.491071428571429
"277","sing",11,"canta, cantano, cantar, cantare, cantato, cantava, cantavamo, cantavi, canti, cantiamo, canto",86,6.63636363636364,0.000292467267471519,7.05207537560479,0.0697674418604651,0.267441860465116,0.162790697674419,0.5
"278","sink",1,"lavandino",6,9,2.04046930794083e-05,8.33333333333333,0,0.333333333333333,0,0.666666666666667
"279","sir",4,"signor, signora, signore, signori",119,6.75,0.000404693079408264,8.80349190283401,0.00840336134453781,0.277310924369748,0.0420168067226891,0.672268907563025
"280","sister",1,"sorella",5,7,1.70039108995069e-05,11.6,0,0.6,0,0.4
"281","sky",1,"cielo",28,5,9.52219010372386e-05,5.28571428571429,0.107142857142857,0.678571428571429,0,0.214285714285714
"282","sleep",13,"dorma, dormano, dorme, dormendo, dormi, dormire, dormirei, dormito, dormiva, dormivano, dormivi, dormo, dormono",195,6.69230769230769,0.000663152525080768,7.98746027863675,0.0871794871794872,0.394871794871795,0.041025641025641,0.476923076923077
"283","slide (object)",9,"scivola, scivolano, scivolare, scivolata, scivolato, scivoli, scivolo, scivolosi, scivoloso",89,8.33333333333333,0.000302669614011222,6.22029239766082,0.0224719101123595,0.50561797752809,0.0337078651685393,0.438202247191011
"284","slow",4,"pian, piani, piano, pianoo",167,5,0.00056793062404353,5.37735849056604,0.209580838323353,0.293413173652695,0.209580838323353,0.287425149700599
"285","snow",1,"neve",78,4,0.000265261010032307,10.9358974358974,0.0128205128205128,0.615384615384615,0,0.371794871794872
"286","soap",2,"sapone, saponi",57,6,0.000193844584254378,7.64285714285715,0,0.491228070175439,0,0.508771929824561
"287","sock",2,"calza, calze",10,5,3.40078217990138e-05,8.75,0,0.5,0,0.5
"288","soft",3,"morbida, morbide, morbido",24,7,8.16187723176331e-05,5.60846560846561,0,0.625,0,0.375
"289","spade",2,"paletta, palette",21,7,7.14164257779289e-05,6.83333333333333,0.0952380952380952,0.238095238095238,0.0476190476190476,0.619047619047619
"290","spit",1,"sputare",1,7,3.40078217990138e-06,2,0,1,0,0
"291","spoon",2,"cucchiai, cucchiaio",48,8.5,0.000163237544635266,5.49302325581395,0.0833333333333333,0.604166666666667,0.0208333333333333,0.291666666666667
"292","stairs",3,"scala, scalata, scale",70,5.66666666666667,0.000238054752593096,9.32186948853616,0.0285714285714286,0.6,0,0.371428571428571
"293","stand",11,"alzarci, alzare, alzarlo, alzarmi, alzarsi, alzarti, alzata, alzati, alzato, alzavano, alziamo",33,6.72727272727273,0.000112225811936745,9.38917748917749,0.0303030303030303,0.181818181818182,0.0909090909090909,0.696969696969697
"294","star",2,"stella, stelle",32,6,0.000108825029756844,7.125,0,0.4375,0,0.5625
"295","stone",2,"sassi, sasso",31,5,0.000105424247576943,5.74358974358974,0.032258064516129,0.516129032258065,0.032258064516129,0.419354838709677
"296","stop",13,"ferma, fermano, fermare, fermarsi, fermarti, fermata, fermate, fermati, fermato, ferme, fermi, fermiamo, fermo",86,6.61538461538461,0.000292467267471518,9.0770202020202,0.0348837209302326,0.313953488372093,0.0813953488372093,0.569767441860465
"297","store",2,"negozi, negozio",10,6.5,3.40078217990138e-05,10.1666666666667,0,0.1,0,0.9
"298","street",2,"strada, strade",28,6,9.52219010372386e-05,8.23076923076923,0,0.464285714285714,0,0.535714285714286
"299","stroller",1,"passeggino",33,10,0.000112225811936745,4.93939393939394,0.151515151515152,0.424242424242424,0.0303030303030303,0.393939393939394
"300","sugar",1,"zucchero",49,8,0.000166638326815167,7.79591836734694,0.0204081632653061,0.469387755102041,0.0204081632653061,0.489795918367347
"301","sun",8,"sola, solamente, sole, soli, solite, soliti, solito, solo",352,5.375,0.00119707532732529,10.2379151896491,0.0198863636363636,0.321022727272727,0.0681818181818182,0.590909090909091
"302","sweater",1,"maglione",1,8,3.40078217990138e-06,4,0,1,0,0
"303","sweet",2,"dolce, dolci",25,5,8.50195544975345e-05,7.39035087719298,0,0.4,0,0.6
"304","swing (action)",4,"dondola, dondolarti, dondolo, dondolò",9,7.75,3.06070396191124e-05,6.675,0.111111111111111,0.666666666666667,0,0.222222222222222
"305","swing (object)",2,"altalena, altalene",21,8,7.1416425777929e-05,4.325,0.0476190476190476,0.523809523809524,0,0.428571428571429
"306","table",2,"tavola, tavolo",125,6,0.000425097772487672,6.62131519274377,0,0.544,0.032,0.424
"307","take",23,"prenda, prende, prendendo, prenderanno, prendere, prenderemo, prenderesti, prenderla, prenderle, prenderli, prenderlo, prendermi, prenderne, prendersi, prenderti, prendete, prendeva, prendevi, prendi, prendiamo, prenditi, prendo, prendono",725,8.43478260869565,0.0024655670804285,8.99626718636492,0.00551724137931034,0.162758620689655,0.15448275862069,0.677241379310345
"308","take off",34,"leva, levano, levare, levargli, levarli, levarlo, levarmi, levarsi, levartela, levata, levate, levati, levato, levava, levavo, leve, levi, leviamo, levo, togli, togliamo, toglie, togliendo, togliere, toglieremo, togliergli, toglierla, toglierle, toglierli, toglierlo, togliermi, togliersi, toglio, togliti",204,7.02941176470588,0.000693759564699881,6.73976688179475,0.00980392156862745,0.274509803921569,0.122549019607843,0.593137254901961
"309","talk",13,"parla, parlando, parlano, parlarci, parlare, parlargli, parlato, parlava, parlavi, parlerá, parli, parliamo, parlo",135,6.92307692307692,0.000459105594286686,6.70357692885333,0.0222222222222222,0.237037037037037,0.133333333333333,0.607407407407407
"310","teacher",3,"maestra, maestre, maestro",41,7,0.000139432069375957,10.1034482758621,0,0.414634146341463,0,0.585365853658537
"311","telephone",2,"fon, telefono",93,5.5,0.000316272742730828,7.17934782608696,0.0752688172043011,0.548387096774194,0.010752688172043,0.365591397849462
"312","thank you",4,"graz, grazia, grazie, prego",221,5.25,0.000751572861758205,2.77020202020202,0.447963800904977,0.262443438914027,0.199095022624434,0.0904977375565611
"313","that",4,"quella, quelle, quelli, quello",2679,6,0.0091106954599558,7.46011999609436,0.0126913027248974,0.189996267263904,0.222097797685704,0.575214632325495
"314","the",6,"gli, i, il, la, le, lo",21515,2,0.0731678286005781,8.28485583077683,0.00678596328143156,0.00957471531489658,0.185033697420404,0.798605623983268
"315","they",3,"lori, loriano, loro",142,5,0.000482911069545995,10.5803357314149,0.00704225352112676,0.161971830985915,0.0915492957746479,0.73943661971831
"316","this",5,"quest, questa, queste, questi, questo",6551,5.8,0.0222785240605339,6.24690576192458,0.0366356281483743,0.244084872538544,0.221340253396428,0.497939245916654
"317","tiger",2,"tigre, tigri",39,5,0.000132630505016154,6.39732142857143,0.0256410256410256,0.717948717948718,0,0.256410256410256
"318","tired",5,"stanca, stancato, stanche, stanchi, stanco",38,6.8,0.000129229722836252,6.925,0,0.342105263157895,0,0.657894736842105
"319","tissue",2,"fazzoletti, fazzoletto",15,10,5.10117326985207e-05,6.64285714285715,0,0.533333333333333,0,0.466666666666667
"320","today",1,"oggi",148,4,0.000503315762625404,8.52702702702703,0.0202702702702703,0.378378378378378,0.101351351351351,0.5
"321","tomorrow",2,"doman, domani",80,5.5,0.00027206257439211,7.46835443037974,0.075,0.2875,0.225,0.4125
"322","tongue",1,"lingua",26,6,8.84203366774358e-05,8.88461538461539,0,0.576923076923077,0,0.423076923076923
"323","tooth",3,"dente, denti, dento",73,5,0.0002482570991328,5.6047619047619,0.0136986301369863,0.438356164383562,0.0273972602739726,0.520547945205479
"324","top",1,"trottola",14,8,4.76109505186193e-05,5.42857142857143,0.0714285714285714,0.642857142857143,0,0.285714285714286
"325","touch",17,"tocca, toccando, toccano, toccar, toccare, toccarla, toccarli, toccarlo, toccassi, toccata, toccate, toccato, toccava, tocchi, tocchiamo, tocco, toccò",110,6.94117647058824,0.000374086039789151,7.88065056077505,0,0.345454545454545,0,0.654545454545455
"326","toy (object)",2,"giocattoli, giocattolo",49,10,0.000166638326815167,7.71411483253589,0.0204081632653061,0.489795918367347,0,0.489795918367347
"327","tracksuit",3,"tuta, tuti, tutó",9,4,3.06070396191124e-05,5.44444444444444,0,0.555555555555556,0,0.444444444444444
"328","train",2,"treni, treno",130,5,0.000442101683387179,8.11846689895471,0.0153846153846154,0.630769230769231,0.00769230769230769,0.346153846153846
"329","tree",2,"alberi, albero",133,6,0.000452304029926883,10.5459001782531,0.0150375939849624,0.37593984962406,0.0075187969924812,0.601503759398496
"330","truck",2,"camion, camione",72,6.5,0.000244856316952899,6.26428571428572,0.0277777777777778,0.625,0.0138888888888889,0.333333333333333
"331","tummy",4,"panca, pance, panche, pancia",94,5.5,0.000319673524910729,5.87087912087912,0,0.436170212765957,0.0212765957446809,0.542553191489362
"332","turn",14,"gira, girandola, girano, girar, girare, girarlo, girata, girate, girati, girato, giravi, giri, giriamo, giro",351,5.85714285714286,0.00119367454514538,7.29056019740055,0.0512820512820513,0.316239316239316,0.13960113960114,0.492877492877493
"333","turn on",8,"accende, accendere, accendeva, accendi, accendiamo, accendiamolo, accendo, accendono",54,8.75,0.000183642237714674,7.0797619047619,0.0740740740740741,0.0740740740740741,0.166666666666667,0.685185185185185
"334","turtle",1,"tartaruga",74,9,0.000251657881312702,5.78378378378378,0.027027027027027,0.567567567567568,0.027027027027027,0.378378378378378
"335","tv",2,"televisione, tv",34,6.5,0.000115626594116647,7.96236559139785,0.0588235294117647,0.529411764705882,0,0.411764705882353
"336","tweet tweet",1,"cip",6,3,2.04046930794083e-05,3,0,1,0,0
"337","ugly",4,"brutta, brutte, brutti, brutto",153,6,0.000520319673524911,5.54320905382226,0.0522875816993464,0.42483660130719,0.0457516339869281,0.477124183006536
"338","uh oh",1,"oh",798,2,0.0027138241795613,4.29949874686717,0.24812030075188,0.0889724310776942,0.610275689223058,0.0526315789473684
"339","umbrella",2,"ombrelli, ombrello",59,8,0.000200646148614181,15.6293103448276,0,0.576271186440678,0,0.423728813559322
"340","uncle",1,"zio",109,3,0.00037068525760925,7.1743119266055,0.0458715596330275,0.110091743119266,0.0825688073394495,0.761467889908257
"341","under",1,"sotto",248,5,0.000843393980615542,8.2741935483871,0.00806451612903226,0.262096774193548,0.165322580645161,0.564516129032258
"342","underpants",1,"mutande",3,7,1.02023465397041e-05,6.33333333333333,0.333333333333333,0,0,0.666666666666667
"343","up",1,"su",494,2,0.00167998639687128,7.5748987854251,0.0222672064777328,0.37246963562753,0.0769230769230769,0.52834008097166
"344","vroom",1,"brum",24,4,8.16187723176331e-05,3.25,0.0416666666666667,0.916666666666667,0.0416666666666667,0
"345","wait",13,"aspe', aspetta, aspettami, aspettando, aspettano, aspettare, aspettate, aspettava, aspettavo, aspetterei, aspetti, aspettiamo, aspetto",418,8.46153846153846,0.00142152695119877,8.16638489715413,0.0789473684210526,0.0980861244019139,0.478468899521531,0.344497607655502
"346","walk",9,"cammina, camminando, camminano, camminare, camminata, camminato, camminatore, camminavi, cammini",73,8.88888888888889,0.0002482570991328,5.6383547008547,0.0684931506849315,0.301369863013699,0.10958904109589,0.520547945205479
"347","wash",19,"lava, lavando, lavano, lavare, lavargli, lavarla, lavarle, lavarli, lavarsi, lavarti, lavata, lavate, lavati, lavato, lave, laverà, lavi, laviamo, lavo",166,6.05263157894737,0.000564529841863628,7.90121891303392,0,0.198795180722892,0.0602409638554217,0.740963855421687
"348","washing machine",1,"lavatrice",2,9,6.80156435980275e-06,14,0,0,0,1
"349","water (beverage)",1,"acqua",272,5,0.000925012752933175,7.82720588235294,0.0220588235294118,0.459558823529412,0.0367647058823529,0.481617647058824
"350","we",3,"noi, noia, noie",134,3.66666666666667,0.000455704812106784,8.90873015873016,0.00746268656716418,0.283582089552239,0.0970149253731343,0.611940298507463
"351","what",1,"che",6415,3,0.0218160176840673,8.40389711613406,0.00140296180826189,0.00748246297739673,0.191893998441154,0.799220576773188
"352","wind",2,"venti, vento",29,5,9.86226832171399e-05,8.26623376623376,0,0.482758620689655,0.0344827586206897,0.482758620689655
"353","window",2,"finestra, finestre",28,8,9.52219010372386e-05,12.4230769230769,0,0.535714285714286,0,0.464285714285714
"354","with",3,"con, coni, cono",1519,3.66666666666667,0.00516578813127019,6.4867637326274,0.0032916392363397,0.0125082290980908,0.186965108624095,0.797235023041475
"355","wolf",3,"lupa, lupi, lupo",118,4,0.000401292297228362,14.5654205607477,0.00847457627118644,0.389830508474576,0.0338983050847458,0.567796610169492
"356","woof woof",2,"bau, baubau",30,4.5,0.000102023465397041,6.43333333333334,0.133333333333333,0.466666666666667,0.0333333333333333,0.366666666666667
"357","write",13,"scrive, scrivendo, scriverci, scrivere, scriverò, scriverti, scriveva, scrivevi, scrivi, scriviamo, scrivo, scrivono, scrivuta",76,7.84615384615385,0.000258459445672505,7.2563260494295,0.0526315789473684,0.315789473684211,0.131578947368421,0.5
"358","yellow",4,"gialla, gialle, gialli, giallo",259,6,0.000880802584594457,5.79549527533399,0.0926640926640927,0.498069498069498,0.0965250965250965,0.312741312741313
"359","yes",1,"sì",2430,2,0.00826390069716035,4.86131687242798,0.233333333333333,0.264197530864198,0.325925925925926,0.176543209876543
"360","yesterday",1,"ieri",94,4,0.000319673524910729,9.96808510638298,0.0212765957446809,0.24468085106383,0.0957446808510638,0.638297872340426
"361","yogurt",1,"yogurt",5,6,1.70039108995069e-05,3.8,0,0.6,0,0.4
"362","you",3,"tu, voi, voio",935,3,0.00317973133820778,6.35190107050572,0,0.262032085561497,0.136898395721925,0.601069518716578
"363","your",2,"tuo, tuoi",251,3.5,0.000853596327155246,7.89855072463768,0.0199203187250996,0.231075697211155,0.00398406374501992,0.745019920318725
"364","zoo",1,"zoo",31,3,0.000105424247576943,8.32258064516129,0,0.838709677419355,0,0.161290322580645
